"","entidad","muns.censo.sa"
"1","Aguascalientes","aguascalientes"
"2","Aguascalientes","asientos"
"3","Aguascalientes","calvillo"
"4","Aguascalientes","cosio"
"5","Aguascalientes","el llano"
"6","Aguascalientes","jesus maria"
"7","Aguascalientes","pabellon de arteaga"
"8","Aguascalientes","rincon de romos"
"9","Aguascalientes","san francisco de los romo"
"10","Aguascalientes","san jose de gracia"
"11","Aguascalientes","tepezala"
"12","Baja California","ensenada"
"13","Baja California","mexicali"
"14","Baja California","playas de rosarito"
"15","Baja California","tecate"
"16","Baja California","tijuana"
"17","Baja California Sur","comondu"
"18","Baja California Sur","la paz"
"19","Baja California Sur","loreto"
"20","Baja California Sur","los cabos"
"21","Baja California Sur","mulege"
"22","Campeche","calakmul"
"23","Campeche","calkini"
"24","Campeche","campeche"
"25","Campeche","candelaria"
"26","Campeche","carmen"
"27","Campeche","champoton"
"28","Campeche","escarcega"
"29","Campeche","hecelchakan"
"30","Campeche","hopelchen"
"31","Campeche","palizada"
"32","Campeche","tenabo"
"33","Chiapas","acacoyagua"
"34","Chiapas","acala"
"35","Chiapas","acapetahua"
"36","Chiapas","aldama"
"37","Chiapas","altamirano"
"38","Chiapas","amatan"
"39","Chiapas","amatenango de la frontera"
"40","Chiapas","amatenango del valle"
"41","Chiapas","angel albino corzo"
"42","Chiapas","arriaga"
"43","Chiapas","bejucal de ocampo"
"44","Chiapas","bella vista"
"45","Chiapas","benemerito de las americas"
"46","Chiapas","berriozabal"
"47","Chiapas","bochil"
"48","Chiapas","cacahoatan"
"49","Chiapas","catazaja"
"50","Chiapas","chalchihuitan"
"51","Chiapas","chamula"
"52","Chiapas","chanal"
"53","Chiapas","chapultenango"
"54","Chiapas","chenalho"
"55","Chiapas","chiapa de corzo"
"56","Chiapas","chiapilla"
"57","Chiapas","chicoasen"
"58","Chiapas","chicomuselo"
"59","Chiapas","chilon"
"60","Chiapas","cintalapa"
"61","Chiapas","coapilla"
"62","Chiapas","comitan de dominguez"
"63","Chiapas","copainala"
"64","Chiapas","el bosque"
"65","Chiapas","el porvenir"
"66","Chiapas","escuintla"
"67","Chiapas","francisco leon"
"68","Chiapas","frontera comalapa"
"69","Chiapas","frontera hidalgo"
"70","Chiapas","huehuetan"
"71","Chiapas","huitiupan"
"72","Chiapas","huixtan"
"73","Chiapas","huixtla"
"74","Chiapas","ixhuatan"
"75","Chiapas","ixtacomitan"
"76","Chiapas","ixtapa"
"77","Chiapas","ixtapangajoya"
"78","Chiapas","jiquipilas"
"79","Chiapas","jitotol"
"80","Chiapas","juarez"
"81","Chiapas","la concordia"
"82","Chiapas","la grandeza"
"83","Chiapas","la independencia"
"84","Chiapas","la libertad"
"85","Chiapas","la trinitaria"
"86","Chiapas","larrainzar"
"87","Chiapas","las margaritas"
"88","Chiapas","las rosas"
"89","Chiapas","mapastepec"
"90","Chiapas","maravilla tenejapa"
"91","Chiapas","marques de comillas"
"92","Chiapas","mazapa de madero"
"93","Chiapas","mazatan"
"94","Chiapas","metapa"
"95","Chiapas","mitontic"
"96","Chiapas","montecristo de guerrero"
"97","Chiapas","motozintla"
"98","Chiapas","nicolas ruiz"
"99","Chiapas","ocosingo"
"100","Chiapas","ocotepec"
"101","Chiapas","ocozocoautla de espinosa"
"102","Chiapas","ostuacan"
"103","Chiapas","osumacinta"
"104","Chiapas","oxchuc"
"105","Chiapas","palenque"
"106","Chiapas","pantelho"
"107","Chiapas","pantepec"
"108","Chiapas","pichucalco"
"109","Chiapas","pijijiapan"
"110","Chiapas","pueblo nuevo solistahuacan"
"111","Chiapas","rayon"
"112","Chiapas","reforma"
"113","Chiapas","sabanilla"
"114","Chiapas","salto de agua"
"115","Chiapas","san andres duraznal"
"116","Chiapas","san cristobal de las casas"
"117","Chiapas","san fernando"
"118","Chiapas","san juan cancuc"
"119","Chiapas","san lucas"
"120","Chiapas","santiago el pinar"
"121","Chiapas","siltepec"
"122","Chiapas","simojovel"
"123","Chiapas","sitala"
"124","Chiapas","socoltenango"
"125","Chiapas","solosuchiapa"
"126","Chiapas","soyalo"
"127","Chiapas","suchiapa"
"128","Chiapas","suchiate"
"129","Chiapas","sunuapa"
"130","Chiapas","tapachula"
"131","Chiapas","tapalapa"
"132","Chiapas","tapilula"
"133","Chiapas","tecpatan"
"134","Chiapas","tenejapa"
"135","Chiapas","teopisca"
"136","Chiapas","tila"
"137","Chiapas","tonala"
"138","Chiapas","totolapa"
"139","Chiapas","tumbala"
"140","Chiapas","tuxtla chico"
"141","Chiapas","tuxtla gutierrez"
"142","Chiapas","tuzantan"
"143","Chiapas","tzimol"
"144","Chiapas","union juarez"
"145","Chiapas","venustiano carranza"
"146","Chiapas","villa comaltitlan"
"147","Chiapas","villa corzo"
"148","Chiapas","villaflores"
"149","Chiapas","yajalon"
"150","Chiapas","zinacantan"
"151","Chihuahua","ahumada"
"152","Chihuahua","aldama"
"153","Chihuahua","allende"
"154","Chihuahua","aquiles serdan"
"155","Chihuahua","ascension"
"156","Chihuahua","bachiniva"
"157","Chihuahua","balleza"
"158","Chihuahua","batopilas"
"159","Chihuahua","bocoyna"
"160","Chihuahua","buenaventura"
"161","Chihuahua","camargo"
"162","Chihuahua","carichi"
"163","Chihuahua","casas grandes"
"164","Chihuahua","chihuahua"
"165","Chihuahua","chinipas"
"166","Chihuahua","coronado"
"167","Chihuahua","coyame del sotol"
"168","Chihuahua","cuauhtemoc"
"169","Chihuahua","cusihuiriachi"
"170","Chihuahua","delicias"
"171","Chihuahua","dr. belisario dominguez"
"172","Chihuahua","el tule"
"173","Chihuahua","galeana"
"174","Chihuahua","gomez farias"
"175","Chihuahua","gran morelos"
"176","Chihuahua","guachochi"
"177","Chihuahua","guadalupe"
"178","Chihuahua","guadalupe y calvo"
"179","Chihuahua","guazapares"
"180","Chihuahua","guerrero"
"181","Chihuahua","hidalgo del parral"
"182","Chihuahua","huejotitan"
"183","Chihuahua","ignacio zaragoza"
"184","Chihuahua","janos"
"185","Chihuahua","jimenez"
"186","Chihuahua","juarez"
"187","Chihuahua","julimes"
"188","Chihuahua","la cruz"
"189","Chihuahua","lopez"
"190","Chihuahua","madera"
"191","Chihuahua","maguarichi"
"192","Chihuahua","manuel benavides"
"193","Chihuahua","matachi"
"194","Chihuahua","matamoros"
"195","Chihuahua","meoqui"
"196","Chihuahua","morelos"
"197","Chihuahua","moris"
"198","Chihuahua","namiquipa"
"199","Chihuahua","nonoava"
"200","Chihuahua","nuevo casas grandes"
"201","Chihuahua","ocampo"
"202","Chihuahua","ojinaga"
"203","Chihuahua","praxedis g. guerrero"
"204","Chihuahua","riva palacio"
"205","Chihuahua","rosales"
"206","Chihuahua","rosario"
"207","Chihuahua","san francisco de borja"
"208","Chihuahua","san francisco de conchos"
"209","Chihuahua","san francisco del oro"
"210","Chihuahua","santa barbara"
"211","Chihuahua","santa isabel"
"212","Chihuahua","satevo"
"213","Chihuahua","saucillo"
"214","Chihuahua","temosachic"
"215","Chihuahua","urique"
"216","Chihuahua","uruachi"
"217","Chihuahua","valle de zaragoza"
"218","Coahuila de Zaragoza","abasolo"
"219","Coahuila de Zaragoza","acuña"
"220","Coahuila de Zaragoza","allende"
"221","Coahuila de Zaragoza","arteaga"
"222","Coahuila de Zaragoza","candela"
"223","Coahuila de Zaragoza","castaños"
"224","Coahuila de Zaragoza","cuatro cienegas"
"225","Coahuila de Zaragoza","escobedo"
"226","Coahuila de Zaragoza","francisco i. madero"
"227","Coahuila de Zaragoza","frontera"
"228","Coahuila de Zaragoza","general cepeda"
"229","Coahuila de Zaragoza","guerrero"
"230","Coahuila de Zaragoza","hidalgo"
"231","Coahuila de Zaragoza","jimenez"
"232","Coahuila de Zaragoza","juarez"
"233","Coahuila de Zaragoza","lamadrid"
"234","Coahuila de Zaragoza","matamoros"
"235","Coahuila de Zaragoza","monclova"
"236","Coahuila de Zaragoza","morelos"
"237","Coahuila de Zaragoza","muzquiz"
"238","Coahuila de Zaragoza","nadadores"
"239","Coahuila de Zaragoza","nava"
"240","Coahuila de Zaragoza","ocampo"
"241","Coahuila de Zaragoza","parras"
"242","Coahuila de Zaragoza","piedras negras"
"243","Coahuila de Zaragoza","progreso"
"244","Coahuila de Zaragoza","ramos arizpe"
"245","Coahuila de Zaragoza","sabinas"
"246","Coahuila de Zaragoza","sacramento"
"247","Coahuila de Zaragoza","saltillo"
"248","Coahuila de Zaragoza","san buenaventura"
"249","Coahuila de Zaragoza","san juan de sabinas"
"250","Coahuila de Zaragoza","san pedro"
"251","Coahuila de Zaragoza","sierra mojada"
"252","Coahuila de Zaragoza","torreon"
"253","Coahuila de Zaragoza","viesca"
"254","Coahuila de Zaragoza","villa union"
"255","Coahuila de Zaragoza","zaragoza"
"256","Colima","armeria"
"257","Colima","colima"
"258","Colima","comala"
"259","Colima","coquimatlan"
"260","Colima","cuauhtemoc"
"261","Colima","ixtlahuacan"
"262","Colima","manzanillo"
"263","Colima","minatitlan"
"264","Colima","tecoman"
"265","Colima","villa de alvarez"
"266","Distrito Federal","alvaro obregon"
"267","Distrito Federal","azcapotzalco"
"268","Distrito Federal","benito juarez"
"269","Distrito Federal","coyoacan"
"270","Distrito Federal","cuajimalpa de morelos"
"271","Distrito Federal","cuauhtemoc"
"272","Distrito Federal","gustavo a. madero"
"273","Distrito Federal","iztacalco"
"274","Distrito Federal","iztapalapa"
"275","Distrito Federal","la magdalena contreras"
"276","Distrito Federal","miguel hidalgo"
"277","Distrito Federal","milpa alta"
"278","Distrito Federal","tlahuac"
"279","Distrito Federal","tlalpan"
"280","Distrito Federal","venustiano carranza"
"281","Distrito Federal","xochimilco"
"282","Durango","canatlan"
"283","Durango","canelas"
"284","Durango","coneto de comonfort"
"285","Durango","cuencame"
"286","Durango","durango"
"287","Durango","el oro"
"288","Durango","general simon bolivar"
"289","Durango","gomez palacio"
"290","Durango","guadalupe victoria"
"291","Durango","guanacevi"
"292","Durango","hidalgo"
"293","Durango","inde"
"294","Durango","lerdo"
"295","Durango","mapimi"
"296","Durango","mezquital"
"297","Durango","nazas"
"298","Durango","nombre de dios"
"299","Durango","nuevo ideal"
"300","Durango","ocampo"
"301","Durango","otaez"
"302","Durango","panuco de coronado"
"303","Durango","peñon blanco"
"304","Durango","poanas"
"305","Durango","pueblo nuevo"
"306","Durango","rodeo"
"307","Durango","san bernardo"
"308","Durango","san dimas"
"309","Durango","san juan de guadalupe"
"310","Durango","san juan del rio"
"311","Durango","san luis del cordero"
"312","Durango","san pedro del gallo"
"313","Durango","santa clara"
"314","Durango","santiago papasquiaro"
"315","Durango","suchil"
"316","Durango","tamazula"
"317","Durango","tepehuanes"
"318","Durango","tlahualilo"
"319","Durango","topia"
"320","Durango","vicente guerrero"
"321","Guanajuato","abasolo"
"322","Guanajuato","acambaro"
"323","Guanajuato","apaseo el alto"
"324","Guanajuato","apaseo el grande"
"325","Guanajuato","atarjea"
"326","Guanajuato","celaya"
"327","Guanajuato","comonfort"
"328","Guanajuato","coroneo"
"329","Guanajuato","cortazar"
"330","Guanajuato","cueramaro"
"331","Guanajuato","doctor mora"
"332","Guanajuato","dolores hidalgo cuna de la independencia nacional"
"333","Guanajuato","guanajuato"
"334","Guanajuato","huanimaro"
"335","Guanajuato","irapuato"
"336","Guanajuato","jaral del progreso"
"337","Guanajuato","jerecuaro"
"338","Guanajuato","leon"
"339","Guanajuato","manuel doblado"
"340","Guanajuato","moroleon"
"341","Guanajuato","ocampo"
"342","Guanajuato","penjamo"
"343","Guanajuato","pueblo nuevo"
"344","Guanajuato","purisima del rincon"
"345","Guanajuato","romita"
"346","Guanajuato","salamanca"
"347","Guanajuato","salvatierra"
"348","Guanajuato","san diego de la union"
"349","Guanajuato","san felipe"
"350","Guanajuato","san francisco del rincon"
"351","Guanajuato","san jose iturbide"
"352","Guanajuato","san luis de la paz"
"353","Guanajuato","san miguel de allende"
"354","Guanajuato","santa catarina"
"355","Guanajuato","santa cruz de juventino rosas"
"356","Guanajuato","santiago maravatio"
"357","Guanajuato","silao"
"358","Guanajuato","tarandacuao"
"359","Guanajuato","tarimoro"
"360","Guanajuato","tierra blanca"
"361","Guanajuato","uriangato"
"362","Guanajuato","valle de santiago"
"363","Guanajuato","victoria"
"364","Guanajuato","villagran"
"365","Guanajuato","xichu"
"366","Guanajuato","yuriria"
"367","Guerrero","acapulco de juarez"
"368","Guerrero","acatepec"
"369","Guerrero","ahuacuotzingo"
"370","Guerrero","ajuchitlan del progreso"
"371","Guerrero","alcozauca de guerrero"
"372","Guerrero","alpoyeca"
"373","Guerrero","apaxtla"
"374","Guerrero","arcelia"
"375","Guerrero","atenango del rio"
"376","Guerrero","atlamajalcingo del monte"
"377","Guerrero","atlixtac"
"378","Guerrero","atoyac de alvarez"
"379","Guerrero","ayutla de los libres"
"380","Guerrero","azoyu"
"381","Guerrero","benito juarez"
"382","Guerrero","buenavista de cuellar"
"383","Guerrero","chilapa de alvarez"
"384","Guerrero","chilpancingo de los bravo"
"385","Guerrero","coahuayutla de jose maria izazaga"
"386","Guerrero","cochoapa el grande"
"387","Guerrero","cocula"
"388","Guerrero","copala"
"389","Guerrero","copalillo"
"390","Guerrero","copanatoyac"
"391","Guerrero","coyuca de benitez"
"392","Guerrero","coyuca de catalan"
"393","Guerrero","cuajinicuilapa"
"394","Guerrero","cualac"
"395","Guerrero","cuautepec"
"396","Guerrero","cuetzala del progreso"
"397","Guerrero","cutzamala de pinzon"
"398","Guerrero","eduardo neri"
"399","Guerrero","florencio villarreal"
"400","Guerrero","general canuto a. neri"
"401","Guerrero","general heliodoro castillo"
"402","Guerrero","huamuxtitlan"
"403","Guerrero","huitzuco de los figueroa"
"404","Guerrero","iguala de la independencia"
"405","Guerrero","igualapa"
"406","Guerrero","iliatenco"
"407","Guerrero","ixcateopan de cuauhtemoc"
"408","Guerrero","jose joaquin de herrera"
"409","Guerrero","juan r. escudero"
"410","Guerrero","juchitan"
"411","Guerrero","la union de isidoro montes de oca"
"412","Guerrero","leonardo bravo"
"413","Guerrero","malinaltepec"
"414","Guerrero","marquelia"
"415","Guerrero","martir de cuilapan"
"416","Guerrero","metlatonoc"
"417","Guerrero","mochitlan"
"418","Guerrero","olinala"
"419","Guerrero","ometepec"
"420","Guerrero","pedro ascencio alquisiras"
"421","Guerrero","petatlan"
"422","Guerrero","pilcaya"
"423","Guerrero","pungarabato"
"424","Guerrero","quechultenango"
"425","Guerrero","san luis acatlan"
"426","Guerrero","san marcos"
"427","Guerrero","san miguel totolapan"
"428","Guerrero","taxco de alarcon"
"429","Guerrero","tecoanapa"
"430","Guerrero","tecpan de galeana"
"431","Guerrero","teloloapan"
"432","Guerrero","tepecoacuilco de trujano"
"433","Guerrero","tetipac"
"434","Guerrero","tixtla de guerrero"
"435","Guerrero","tlacoachistlahuaca"
"436","Guerrero","tlacoapa"
"437","Guerrero","tlalchapa"
"438","Guerrero","tlalixtaquilla de maldonado"
"439","Guerrero","tlapa de comonfort"
"440","Guerrero","tlapehuala"
"441","Guerrero","xalpatlahuac"
"442","Guerrero","xochihuehuetlan"
"443","Guerrero","xochistlahuaca"
"444","Guerrero","zapotitlan tablas"
"445","Guerrero","zihuatanejo de azueta"
"446","Guerrero","zirandaro"
"447","Guerrero","zitlala"
"448","Hidalgo","acatlan"
"449","Hidalgo","acaxochitlan"
"450","Hidalgo","actopan"
"451","Hidalgo","agua blanca de iturbide"
"452","Hidalgo","ajacuba"
"453","Hidalgo","alfajayucan"
"454","Hidalgo","almoloya"
"455","Hidalgo","apan"
"456","Hidalgo","atitalaquia"
"457","Hidalgo","atlapexco"
"458","Hidalgo","atotonilco de tula"
"459","Hidalgo","atotonilco el grande"
"460","Hidalgo","calnali"
"461","Hidalgo","cardonal"
"462","Hidalgo","chapantongo"
"463","Hidalgo","chapulhuacan"
"464","Hidalgo","chilcuautla"
"465","Hidalgo","cuautepec de hinojosa"
"466","Hidalgo","el arenal"
"467","Hidalgo","eloxochitlan"
"468","Hidalgo","emiliano zapata"
"469","Hidalgo","epazoyucan"
"470","Hidalgo","francisco i. madero"
"471","Hidalgo","huasca de ocampo"
"472","Hidalgo","huautla"
"473","Hidalgo","huazalingo"
"474","Hidalgo","huehuetla"
"475","Hidalgo","huejutla de reyes"
"476","Hidalgo","huichapan"
"477","Hidalgo","ixmiquilpan"
"478","Hidalgo","jacala de ledezma"
"479","Hidalgo","jaltocan"
"480","Hidalgo","juarez hidalgo"
"481","Hidalgo","la mision"
"482","Hidalgo","lolotla"
"483","Hidalgo","metepec"
"484","Hidalgo","metztitlan"
"485","Hidalgo","mineral de la reforma"
"486","Hidalgo","mineral del chico"
"487","Hidalgo","mineral del monte"
"488","Hidalgo","mixquiahuala de juarez"
"489","Hidalgo","molango de escamilla"
"490","Hidalgo","nicolas flores"
"491","Hidalgo","nopala de villagran"
"492","Hidalgo","omitlan de juarez"
"493","Hidalgo","pachuca de soto"
"494","Hidalgo","pacula"
"495","Hidalgo","pisaflores"
"496","Hidalgo","progreso de obregon"
"497","Hidalgo","san agustin metzquititlan"
"498","Hidalgo","san agustin tlaxiaca"
"499","Hidalgo","san bartolo tutotepec"
"500","Hidalgo","san felipe orizatlan"
"501","Hidalgo","san salvador"
"502","Hidalgo","santiago de anaya"
"503","Hidalgo","santiago tulantepec de lugo guerrero"
"504","Hidalgo","singuilucan"
"505","Hidalgo","tasquillo"
"506","Hidalgo","tecozautla"
"507","Hidalgo","tenango de doria"
"508","Hidalgo","tepeapulco"
"509","Hidalgo","tepehuacan de guerrero"
"510","Hidalgo","tepeji del rio de ocampo"
"511","Hidalgo","tepetitlan"
"512","Hidalgo","tetepango"
"513","Hidalgo","tezontepec de aldama"
"514","Hidalgo","tianguistengo"
"515","Hidalgo","tizayuca"
"516","Hidalgo","tlahuelilpan"
"517","Hidalgo","tlahuiltepa"
"518","Hidalgo","tlanalapa"
"519","Hidalgo","tlanchinol"
"520","Hidalgo","tlaxcoapan"
"521","Hidalgo","tolcayuca"
"522","Hidalgo","tula de allende"
"523","Hidalgo","tulancingo de bravo"
"524","Hidalgo","villa de tezontepec"
"525","Hidalgo","xochiatipan"
"526","Hidalgo","xochicoatlan"
"527","Hidalgo","yahualica"
"528","Hidalgo","zacualtipan de angeles"
"529","Hidalgo","zapotlan de juarez"
"530","Hidalgo","zempoala"
"531","Hidalgo","zimapan"
"532","Jalisco","acatic"
"533","Jalisco","acatlan de juarez"
"534","Jalisco","ahualulco de mercado"
"535","Jalisco","amacueca"
"536","Jalisco","amatitan"
"537","Jalisco","ameca"
"538","Jalisco","arandas"
"539","Jalisco","atemajac de brizuela"
"540","Jalisco","atengo"
"541","Jalisco","atenguillo"
"542","Jalisco","atotonilco el alto"
"543","Jalisco","atoyac"
"544","Jalisco","autlan de navarro"
"545","Jalisco","ayotlan"
"546","Jalisco","ayutla"
"547","Jalisco","bolaños"
"548","Jalisco","cabo corrientes"
"549","Jalisco","cañadas de obregon"
"550","Jalisco","casimiro castillo"
"551","Jalisco","chapala"
"552","Jalisco","chimaltitan"
"553","Jalisco","chiquilistlan"
"554","Jalisco","cihuatlan"
"555","Jalisco","cocula"
"556","Jalisco","colotlan"
"557","Jalisco","concepcion de buenos aires"
"558","Jalisco","cuautitlan de garcia barragan"
"559","Jalisco","cuautla"
"560","Jalisco","cuquio"
"561","Jalisco","degollado"
"562","Jalisco","ejutla"
"563","Jalisco","el arenal"
"564","Jalisco","el grullo"
"565","Jalisco","el limon"
"566","Jalisco","el salto"
"567","Jalisco","encarnacion de diaz"
"568","Jalisco","etzatlan"
"569","Jalisco","gomez farias"
"570","Jalisco","guachinango"
"571","Jalisco","guadalajara"
"572","Jalisco","hostotipaquillo"
"573","Jalisco","huejucar"
"574","Jalisco","huejuquilla el alto"
"575","Jalisco","ixtlahuacan de los membrillos"
"576","Jalisco","ixtlahuacan del rio"
"577","Jalisco","jalostotitlan"
"578","Jalisco","jamay"
"579","Jalisco","jesus maria"
"580","Jalisco","jilotlan de los dolores"
"581","Jalisco","jocotepec"
"582","Jalisco","juanacatlan"
"583","Jalisco","juchitlan"
"584","Jalisco","la barca"
"585","Jalisco","la huerta"
"586","Jalisco","la manzanilla de la paz"
"587","Jalisco","lagos de moreno"
"588","Jalisco","magdalena"
"589","Jalisco","mascota"
"590","Jalisco","mazamitla"
"591","Jalisco","mexticacan"
"592","Jalisco","mezquitic"
"593","Jalisco","mixtlan"
"594","Jalisco","ocotlan"
"595","Jalisco","ojuelos de jalisco"
"596","Jalisco","pihuamo"
"597","Jalisco","poncitlan"
"598","Jalisco","puerto vallarta"
"599","Jalisco","quitupan"
"600","Jalisco","san cristobal de la barranca"
"601","Jalisco","san diego de alejandria"
"602","Jalisco","san gabriel"
"603","Jalisco","san ignacio cerro gordo"
"604","Jalisco","san juan de los lagos"
"605","Jalisco","san juanito de escobedo"
"606","Jalisco","san julian"
"607","Jalisco","san marcos"
"608","Jalisco","san martin de bolaños"
"609","Jalisco","san martin hidalgo"
"610","Jalisco","san miguel el alto"
"611","Jalisco","san sebastian del oeste"
"612","Jalisco","santa maria de los angeles"
"613","Jalisco","santa maria del oro"
"614","Jalisco","sayula"
"615","Jalisco","tala"
"616","Jalisco","talpa de allende"
"617","Jalisco","tamazula de gordiano"
"618","Jalisco","tapalpa"
"619","Jalisco","tecalitlan"
"620","Jalisco","techaluta de montenegro"
"621","Jalisco","tecolotlan"
"622","Jalisco","tenamaxtlan"
"623","Jalisco","teocaltiche"
"624","Jalisco","teocuitatlan de corona"
"625","Jalisco","tepatitlan de morelos"
"626","Jalisco","tequila"
"627","Jalisco","teuchitlan"
"628","Jalisco","tizapan el alto"
"629","Jalisco","tlajomulco de zuñiga"
"630","Jalisco","tlaquepaque"
"631","Jalisco","toliman"
"632","Jalisco","tomatlan"
"633","Jalisco","tonala"
"634","Jalisco","tonaya"
"635","Jalisco","tonila"
"636","Jalisco","totatiche"
"637","Jalisco","tototlan"
"638","Jalisco","tuxcacuesco"
"639","Jalisco","tuxcueca"
"640","Jalisco","tuxpan"
"641","Jalisco","union de san antonio"
"642","Jalisco","union de tula"
"643","Jalisco","valle de guadalupe"
"644","Jalisco","valle de juarez"
"645","Jalisco","villa corona"
"646","Jalisco","villa guerrero"
"647","Jalisco","villa hidalgo"
"648","Jalisco","villa purificacion"
"649","Jalisco","yahualica de gonzalez gallo"
"650","Jalisco","zacoalco de torres"
"651","Jalisco","zapopan"
"652","Jalisco","zapotiltic"
"653","Jalisco","zapotitlan de vadillo"
"654","Jalisco","zapotlan del rey"
"655","Jalisco","zapotlan el grande"
"656","Jalisco","zapotlanejo"
"657","México","acambay"
"658","México","acolman"
"659","México","aculco"
"660","México","almoloya de alquisiras"
"661","México","almoloya de juarez"
"662","México","almoloya del rio"
"663","México","amanalco"
"664","México","amatepec"
"665","México","amecameca"
"666","México","apaxco"
"667","México","atenco"
"668","México","atizapan"
"669","México","atizapan de zaragoza"
"670","México","atlacomulco"
"671","México","atlautla"
"672","México","axapusco"
"673","México","ayapango"
"674","México","calimaya"
"675","México","capulhuac"
"676","México","chalco"
"677","México","chapa de mota"
"678","México","chapultepec"
"679","México","chiautla"
"680","México","chicoloapan"
"681","México","chiconcuac"
"682","México","chimalhuacan"
"683","México","coacalco de berriozabal"
"684","México","coatepec harinas"
"685","México","cocotitlan"
"686","México","coyotepec"
"687","México","cuautitlan"
"688","México","cuautitlan izcalli"
"689","México","donato guerra"
"690","México","ecatepec de morelos"
"691","México","ecatzingo"
"692","México","el oro"
"693","México","huehuetoca"
"694","México","hueypoxtla"
"695","México","huixquilucan"
"696","México","isidro fabela"
"697","México","ixtapaluca"
"698","México","ixtapan de la sal"
"699","México","ixtapan del oro"
"700","México","ixtlahuaca"
"701","México","jaltenco"
"702","México","jilotepec"
"703","México","jilotzingo"
"704","México","jiquipilco"
"705","México","jocotitlan"
"706","México","joquicingo"
"707","México","juchitepec"
"708","México","la paz"
"709","México","lerma"
"710","México","luvianos"
"711","México","malinalco"
"712","México","melchor ocampo"
"713","México","metepec"
"714","México","mexicaltzingo"
"715","México","morelos"
"716","México","naucalpan de juarez"
"717","México","nextlalpan"
"718","México","nezahualcoyotl"
"719","México","nicolas romero"
"720","México","nopaltepec"
"721","México","ocoyoacac"
"722","México","ocuilan"
"723","México","otumba"
"724","México","otzoloapan"
"725","México","otzolotepec"
"726","México","ozumba"
"727","México","papalotla"
"728","México","polotitlan"
"729","México","rayon"
"730","México","san antonio la isla"
"731","México","san felipe del progreso"
"732","México","san jose del rincon"
"733","México","san martin de las piramides"
"734","México","san mateo atenco"
"735","México","san simon de guerrero"
"736","México","santo tomas"
"737","México","soyaniquilpan de juarez"
"738","México","sultepec"
"739","México","tecamac"
"740","México","tejupilco"
"741","México","temamatla"
"742","México","temascalapa"
"743","México","temascalcingo"
"744","México","temascaltepec"
"745","México","temoaya"
"746","México","tenancingo"
"747","México","tenango del aire"
"748","México","tenango del valle"
"749","México","teoloyucan"
"750","México","teotihuacan"
"751","México","tepetlaoxtoc"
"752","México","tepetlixpa"
"753","México","tepotzotlan"
"754","México","tequixquiac"
"755","México","texcaltitlan"
"756","México","texcalyacac"
"757","México","texcoco"
"758","México","tezoyuca"
"759","México","tianguistenco"
"760","México","timilpan"
"761","México","tlalmanalco"
"762","México","tlalnepantla de baz"
"763","México","tlatlaya"
"764","México","toluca"
"765","México","tonanitla"
"766","México","tonatico"
"767","México","tultepec"
"768","México","tultitlan"
"769","México","valle de bravo"
"770","México","valle de chalco solidaridad"
"771","México","villa de allende"
"772","México","villa del carbon"
"773","México","villa guerrero"
"774","México","villa victoria"
"775","México","xalatlaco"
"776","México","xonacatlan"
"777","México","zacazonapan"
"778","México","zacualpan"
"779","México","zinacantepec"
"780","México","zumpahuacan"
"781","México","zumpango"
"782","Michoacán de Ocampo","acuitzio"
"783","Michoacán de Ocampo","aguililla"
"784","Michoacán de Ocampo","alvaro obregon"
"785","Michoacán de Ocampo","angamacutiro"
"786","Michoacán de Ocampo","angangueo"
"787","Michoacán de Ocampo","apatzingan"
"788","Michoacán de Ocampo","aporo"
"789","Michoacán de Ocampo","aquila"
"790","Michoacán de Ocampo","ario"
"791","Michoacán de Ocampo","arteaga"
"792","Michoacán de Ocampo","briseñas"
"793","Michoacán de Ocampo","buenavista"
"794","Michoacán de Ocampo","caracuaro"
"795","Michoacán de Ocampo","charapan"
"796","Michoacán de Ocampo","charo"
"797","Michoacán de Ocampo","chavinda"
"798","Michoacán de Ocampo","cheran"
"799","Michoacán de Ocampo","chilchota"
"800","Michoacán de Ocampo","chinicuila"
"801","Michoacán de Ocampo","chucandiro"
"802","Michoacán de Ocampo","churintzio"
"803","Michoacán de Ocampo","churumuco"
"804","Michoacán de Ocampo","coahuayana"
"805","Michoacán de Ocampo","coalcoman de vazquez pallares"
"806","Michoacán de Ocampo","coeneo"
"807","Michoacán de Ocampo","cojumatlan de regules"
"808","Michoacán de Ocampo","contepec"
"809","Michoacán de Ocampo","copandaro"
"810","Michoacán de Ocampo","cotija"
"811","Michoacán de Ocampo","cuitzeo"
"812","Michoacán de Ocampo","ecuandureo"
"813","Michoacán de Ocampo","epitacio huerta"
"814","Michoacán de Ocampo","erongaricuaro"
"815","Michoacán de Ocampo","gabriel zamora"
"816","Michoacán de Ocampo","hidalgo"
"817","Michoacán de Ocampo","huandacareo"
"818","Michoacán de Ocampo","huaniqueo"
"819","Michoacán de Ocampo","huetamo"
"820","Michoacán de Ocampo","huiramba"
"821","Michoacán de Ocampo","indaparapeo"
"822","Michoacán de Ocampo","irimbo"
"823","Michoacán de Ocampo","ixtlan"
"824","Michoacán de Ocampo","jacona"
"825","Michoacán de Ocampo","jimenez"
"826","Michoacán de Ocampo","jiquilpan"
"827","Michoacán de Ocampo","jose sixto verduzco"
"828","Michoacán de Ocampo","juarez"
"829","Michoacán de Ocampo","jungapeo"
"830","Michoacán de Ocampo","la huacana"
"831","Michoacán de Ocampo","la piedad"
"832","Michoacán de Ocampo","lagunillas"
"833","Michoacán de Ocampo","lazaro cardenas"
"834","Michoacán de Ocampo","los reyes"
"835","Michoacán de Ocampo","madero"
"836","Michoacán de Ocampo","maravatio"
"837","Michoacán de Ocampo","marcos castellanos"
"838","Michoacán de Ocampo","morelia"
"839","Michoacán de Ocampo","morelos"
"840","Michoacán de Ocampo","mugica"
"841","Michoacán de Ocampo","nahuatzen"
"842","Michoacán de Ocampo","nocupetaro"
"843","Michoacán de Ocampo","nuevo parangaricutiro"
"844","Michoacán de Ocampo","nuevo urecho"
"845","Michoacán de Ocampo","numaran"
"846","Michoacán de Ocampo","ocampo"
"847","Michoacán de Ocampo","pajacuaran"
"848","Michoacán de Ocampo","panindicuaro"
"849","Michoacán de Ocampo","paracho"
"850","Michoacán de Ocampo","paracuaro"
"851","Michoacán de Ocampo","patzcuaro"
"852","Michoacán de Ocampo","penjamillo"
"853","Michoacán de Ocampo","periban"
"854","Michoacán de Ocampo","purepero"
"855","Michoacán de Ocampo","puruandiro"
"856","Michoacán de Ocampo","querendaro"
"857","Michoacán de Ocampo","quiroga"
"858","Michoacán de Ocampo","sahuayo"
"859","Michoacán de Ocampo","salvador escalante"
"860","Michoacán de Ocampo","san lucas"
"861","Michoacán de Ocampo","santa ana maya"
"862","Michoacán de Ocampo","senguio"
"863","Michoacán de Ocampo","susupuato"
"864","Michoacán de Ocampo","tacambaro"
"865","Michoacán de Ocampo","tancitaro"
"866","Michoacán de Ocampo","tangamandapio"
"867","Michoacán de Ocampo","tangancicuaro"
"868","Michoacán de Ocampo","tanhuato"
"869","Michoacán de Ocampo","taretan"
"870","Michoacán de Ocampo","tarimbaro"
"871","Michoacán de Ocampo","tepalcatepec"
"872","Michoacán de Ocampo","tingambato"
"873","Michoacán de Ocampo","tingüindin"
"874","Michoacán de Ocampo","tiquicheo de nicolas romero"
"875","Michoacán de Ocampo","tlalpujahua"
"876","Michoacán de Ocampo","tlazazalca"
"877","Michoacán de Ocampo","tocumbo"
"878","Michoacán de Ocampo","tumbiscatio"
"879","Michoacán de Ocampo","turicato"
"880","Michoacán de Ocampo","tuxpan"
"881","Michoacán de Ocampo","tuzantla"
"882","Michoacán de Ocampo","tzintzuntzan"
"883","Michoacán de Ocampo","tzitzio"
"884","Michoacán de Ocampo","uruapan"
"885","Michoacán de Ocampo","venustiano carranza"
"886","Michoacán de Ocampo","villamar"
"887","Michoacán de Ocampo","vista hermosa"
"888","Michoacán de Ocampo","yurecuaro"
"889","Michoacán de Ocampo","zacapu"
"890","Michoacán de Ocampo","zamora"
"891","Michoacán de Ocampo","zinaparo"
"892","Michoacán de Ocampo","zinapecuaro"
"893","Michoacán de Ocampo","ziracuaretiro"
"894","Michoacán de Ocampo","zitacuaro"
"895","Morelos","amacuzac"
"896","Morelos","atlatlahucan"
"897","Morelos","axochiapan"
"898","Morelos","ayala"
"899","Morelos","coatlan del rio"
"900","Morelos","cuautla"
"901","Morelos","cuernavaca"
"902","Morelos","emiliano zapata"
"903","Morelos","huitzilac"
"904","Morelos","jantetelco"
"905","Morelos","jiutepec"
"906","Morelos","jojutla"
"907","Morelos","jonacatepec"
"908","Morelos","mazatepec"
"909","Morelos","miacatlan"
"910","Morelos","ocuituco"
"911","Morelos","puente de ixtla"
"912","Morelos","temixco"
"913","Morelos","temoac"
"914","Morelos","tepalcingo"
"915","Morelos","tepoztlan"
"916","Morelos","tetecala"
"917","Morelos","tetela del volcan"
"918","Morelos","tlalnepantla"
"919","Morelos","tlaltizapan"
"920","Morelos","tlaquiltenango"
"921","Morelos","tlayacapan"
"922","Morelos","totolapan"
"923","Morelos","xochitepec"
"924","Morelos","yautepec"
"925","Morelos","yecapixtla"
"926","Morelos","zacatepec"
"927","Morelos","zacualpan"
"928","Nayarit","acaponeta"
"929","Nayarit","ahuacatlan"
"930","Nayarit","amatlan de cañas"
"931","Nayarit","bahia de banderas"
"932","Nayarit","compostela"
"933","Nayarit","del nayar"
"934","Nayarit","huajicori"
"935","Nayarit","ixtlan del rio"
"936","Nayarit","jala"
"937","Nayarit","la yesca"
"938","Nayarit","rosamorada"
"939","Nayarit","ruiz"
"940","Nayarit","san blas"
"941","Nayarit","san pedro lagunillas"
"942","Nayarit","santa maria del oro"
"943","Nayarit","santiago ixcuintla"
"944","Nayarit","tecuala"
"945","Nayarit","tepic"
"946","Nayarit","tuxpan"
"947","Nayarit","xalisco"
"948","Nuevo León","abasolo"
"949","Nuevo León","agualeguas"
"950","Nuevo León","allende"
"951","Nuevo León","anahuac"
"952","Nuevo León","apodaca"
"953","Nuevo León","aramberri"
"954","Nuevo León","bustamante"
"955","Nuevo León","cadereyta jimenez"
"956","Nuevo León","carmen"
"957","Nuevo León","cerralvo"
"958","Nuevo León","china"
"959","Nuevo León","cienega de flores"
"960","Nuevo León","dr. arroyo"
"961","Nuevo León","dr. coss"
"962","Nuevo León","dr. gonzalez"
"963","Nuevo León","galeana"
"964","Nuevo León","garcia"
"965","Nuevo León","gral. bravo"
"966","Nuevo León","gral. escobedo"
"967","Nuevo León","gral. teran"
"968","Nuevo León","gral. treviño"
"969","Nuevo León","gral. zaragoza"
"970","Nuevo León","gral. zuazua"
"971","Nuevo León","guadalupe"
"972","Nuevo León","hidalgo"
"973","Nuevo León","higueras"
"974","Nuevo León","hualahuises"
"975","Nuevo León","iturbide"
"976","Nuevo León","juarez"
"977","Nuevo León","lampazos de naranjo"
"978","Nuevo León","linares"
"979","Nuevo León","los aldamas"
"980","Nuevo León","los herreras"
"981","Nuevo León","los ramones"
"982","Nuevo León","marin"
"983","Nuevo León","melchor ocampo"
"984","Nuevo León","mier y noriega"
"985","Nuevo León","mina"
"986","Nuevo León","montemorelos"
"987","Nuevo León","monterrey"
"988","Nuevo León","paras"
"989","Nuevo León","pesqueria"
"990","Nuevo León","rayones"
"991","Nuevo León","sabinas hidalgo"
"992","Nuevo León","salinas victoria"
"993","Nuevo León","san nicolas de los garza"
"994","Nuevo León","san pedro garza garcia"
"995","Nuevo León","santa catarina"
"996","Nuevo León","santiago"
"997","Nuevo León","vallecillo"
"998","Nuevo León","villaldama"
"999","Oaxaca","abejones"
"1000","Oaxaca","acatlan de perez figueroa"
"1001","Oaxaca","animas trujano"
"1002","Oaxaca","asuncion cacalotepec"
"1003","Oaxaca","asuncion cuyotepeji"
"1004","Oaxaca","asuncion ixtaltepec"
"1005","Oaxaca","asuncion nochixtlan"
"1006","Oaxaca","asuncion ocotlan"
"1007","Oaxaca","asuncion tlacolulita"
"1008","Oaxaca","ayoquezco de aldama"
"1009","Oaxaca","ayotzintepec"
"1010","Oaxaca","calihuala"
"1011","Oaxaca","candelaria loxicha"
"1012","Oaxaca","capulalpam de mendez"
"1013","Oaxaca","chahuites"
"1014","Oaxaca","chalcatongo de hidalgo"
"1015","Oaxaca","chiquihuitlan de benito juarez"
"1016","Oaxaca","cienega de zimatlan"
"1017","Oaxaca","ciudad ixtepec"
"1018","Oaxaca","coatecas altas"
"1019","Oaxaca","coicoyan de las flores"
"1020","Oaxaca","concepcion buenavista"
"1021","Oaxaca","concepcion papalo"
"1022","Oaxaca","constancia del rosario"
"1023","Oaxaca","cosolapa"
"1024","Oaxaca","cosoltepec"
"1025","Oaxaca","cuilapam de guerrero"
"1026","Oaxaca","cuyamecalco villa de zaragoza"
"1027","Oaxaca","el barrio de la soledad"
"1028","Oaxaca","el espinal"
"1029","Oaxaca","eloxochitlan de flores magon"
"1030","Oaxaca","fresnillo de trujano"
"1031","Oaxaca","guadalupe de ramirez"
"1032","Oaxaca","guadalupe etla"
"1033","Oaxaca","guelatao de juarez"
"1034","Oaxaca","guevea de humboldt"
"1035","Oaxaca","heroica ciudad de ejutla de crespo"
"1036","Oaxaca","heroica ciudad de huajuapan de leon"
"1037","Oaxaca","heroica ciudad de juchitan de zaragoza"
"1038","Oaxaca","heroica ciudad de tlaxiaco"
"1039","Oaxaca","huautepec"
"1040","Oaxaca","huautla de jimenez"
"1041","Oaxaca","ixpantepec nieves"
"1042","Oaxaca","ixtlan de juarez"
"1043","Oaxaca","la compañia"
"1044","Oaxaca","la pe"
"1045","Oaxaca","la reforma"
"1046","Oaxaca","la trinidad vista hermosa"
"1047","Oaxaca","loma bonita"
"1048","Oaxaca","magdalena apasco"
"1049","Oaxaca","magdalena jaltepec"
"1050","Oaxaca","magdalena mixtepec"
"1051","Oaxaca","magdalena ocotlan"
"1052","Oaxaca","magdalena peñasco"
"1053","Oaxaca","magdalena teitipac"
"1054","Oaxaca","magdalena tequisistlan"
"1055","Oaxaca","magdalena tlacotepec"
"1056","Oaxaca","magdalena yodocono de porfirio diaz"
"1057","Oaxaca","magdalena zahuatlan"
"1058","Oaxaca","mariscala de juarez"
"1059","Oaxaca","martires de tacubaya"
"1060","Oaxaca","matias romero avendaño"
"1061","Oaxaca","mazatlan villa de flores"
"1062","Oaxaca","mesones hidalgo"
"1063","Oaxaca","miahuatlan de porfirio diaz"
"1064","Oaxaca","mixistlan de la reforma"
"1065","Oaxaca","monjas"
"1066","Oaxaca","natividad"
"1067","Oaxaca","nazareno etla"
"1068","Oaxaca","nejapa de madero"
"1069","Oaxaca","nuevo zoquiapam"
"1070","Oaxaca","oaxaca de juarez"
"1071","Oaxaca","ocotlan de morelos"
"1072","Oaxaca","pinotepa de don luis"
"1073","Oaxaca","pluma hidalgo"
"1074","Oaxaca","putla villa de guerrero"
"1075","Oaxaca","reforma de pineda"
"1076","Oaxaca","reyes etla"
"1077","Oaxaca","rojas de cuauhtemoc"
"1078","Oaxaca","salina cruz"
"1079","Oaxaca","san agustin amatengo"
"1080","Oaxaca","san agustin atenango"
"1081","Oaxaca","san agustin chayuco"
"1082","Oaxaca","san agustin de las juntas"
"1083","Oaxaca","san agustin etla"
"1084","Oaxaca","san agustin loxicha"
"1085","Oaxaca","san agustin tlacotepec"
"1086","Oaxaca","san agustin yatareni"
"1087","Oaxaca","san andres cabecera nueva"
"1088","Oaxaca","san andres dinicuiti"
"1089","Oaxaca","san andres huaxpaltepec"
"1090","Oaxaca","san andres huayapam"
"1091","Oaxaca","san andres ixtlahuaca"
"1092","Oaxaca","san andres lagunas"
"1093","Oaxaca","san andres nuxiño"
"1094","Oaxaca","san andres paxtlan"
"1095","Oaxaca","san andres sinaxtla"
"1096","Oaxaca","san andres solaga"
"1097","Oaxaca","san andres teotilalpam"
"1098","Oaxaca","san andres tepetlapa"
"1099","Oaxaca","san andres yaa"
"1100","Oaxaca","san andres zabache"
"1101","Oaxaca","san andres zautla"
"1102","Oaxaca","san antonino castillo velasco"
"1103","Oaxaca","san antonino el alto"
"1104","Oaxaca","san antonino monte verde"
"1105","Oaxaca","san antonio acutla"
"1106","Oaxaca","san antonio de la cal"
"1107","Oaxaca","san antonio huitepec"
"1108","Oaxaca","san antonio nanahuatipam"
"1109","Oaxaca","san antonio sinicahua"
"1110","Oaxaca","san antonio tepetlapa"
"1111","Oaxaca","san baltazar chichicapam"
"1112","Oaxaca","san baltazar loxicha"
"1113","Oaxaca","san baltazar yatzachi el bajo"
"1114","Oaxaca","san bartolo coyotepec"
"1115","Oaxaca","san bartolo soyaltepec"
"1116","Oaxaca","san bartolo yautepec"
"1117","Oaxaca","san bartolome ayautla"
"1118","Oaxaca","san bartolome loxicha"
"1119","Oaxaca","san bartolome quialana"
"1120","Oaxaca","san bartolome yucuañe"
"1121","Oaxaca","san bartolome zoogocho"
"1122","Oaxaca","san bernardo mixtepec"
"1123","Oaxaca","san blas atempa"
"1124","Oaxaca","san carlos yautepec"
"1125","Oaxaca","san cristobal amatlan"
"1126","Oaxaca","san cristobal amoltepec"
"1127","Oaxaca","san cristobal lachirioag"
"1128","Oaxaca","san cristobal suchixtlahuaca"
"1129","Oaxaca","san dionisio del mar"
"1130","Oaxaca","san dionisio ocotepec"
"1131","Oaxaca","san dionisio ocotlan"
"1132","Oaxaca","san esteban atatlahuca"
"1133","Oaxaca","san felipe jalapa de diaz"
"1134","Oaxaca","san felipe tejalapam"
"1135","Oaxaca","san felipe usila"
"1136","Oaxaca","san francisco cahuacua"
"1137","Oaxaca","san francisco cajonos"
"1138","Oaxaca","san francisco chapulapa"
"1139","Oaxaca","san francisco chindua"
"1140","Oaxaca","san francisco del mar"
"1141","Oaxaca","san francisco huehuetlan"
"1142","Oaxaca","san francisco ixhuatan"
"1143","Oaxaca","san francisco jaltepetongo"
"1144","Oaxaca","san francisco lachigolo"
"1145","Oaxaca","san francisco logueche"
"1146","Oaxaca","san francisco nuxaño"
"1147","Oaxaca","san francisco ozolotepec"
"1148","Oaxaca","san francisco sola"
"1149","Oaxaca","san francisco telixtlahuaca"
"1150","Oaxaca","san francisco teopan"
"1151","Oaxaca","san francisco tlapancingo"
"1152","Oaxaca","san gabriel mixtepec"
"1153","Oaxaca","san ildefonso amatlan"
"1154","Oaxaca","san ildefonso sola"
"1155","Oaxaca","san ildefonso villa alta"
"1156","Oaxaca","san jacinto amilpas"
"1157","Oaxaca","san jacinto tlacotepec"
"1158","Oaxaca","san jeronimo coatlan"
"1159","Oaxaca","san jeronimo silacayoapilla"
"1160","Oaxaca","san jeronimo sosola"
"1161","Oaxaca","san jeronimo taviche"
"1162","Oaxaca","san jeronimo tecoatl"
"1163","Oaxaca","san jeronimo tlacochahuaya"
"1164","Oaxaca","san jorge nuchita"
"1165","Oaxaca","san jose ayuquila"
"1166","Oaxaca","san jose chiltepec"
"1167","Oaxaca","san jose del peñasco"
"1168","Oaxaca","san jose del progreso"
"1169","Oaxaca","san jose estancia grande"
"1170","Oaxaca","san jose independencia"
"1171","Oaxaca","san jose lachiguiri"
"1172","Oaxaca","san jose tenango"
"1173","Oaxaca","san juan achiutla"
"1174","Oaxaca","san juan atepec"
"1175","Oaxaca","san juan bautista atatlahuca"
"1176","Oaxaca","san juan bautista coixtlahuaca"
"1177","Oaxaca","san juan bautista cuicatlan"
"1178","Oaxaca","san juan bautista guelache"
"1179","Oaxaca","san juan bautista jayacatlan"
"1180","Oaxaca","san juan bautista lo de soto"
"1181","Oaxaca","san juan bautista suchitepec"
"1182","Oaxaca","san juan bautista tlachichilco"
"1183","Oaxaca","san juan bautista tlacoatzintepec"
"1184","Oaxaca","san juan bautista tuxtepec"
"1185","Oaxaca","san juan bautista valle nacional"
"1186","Oaxaca","san juan cacahuatepec"
"1187","Oaxaca","san juan chicomezuchil"
"1188","Oaxaca","san juan chilateca"
"1189","Oaxaca","san juan cieneguilla"
"1190","Oaxaca","san juan coatzospam"
"1191","Oaxaca","san juan colorado"
"1192","Oaxaca","san juan comaltepec"
"1193","Oaxaca","san juan cotzocon"
"1194","Oaxaca","san juan de los cues"
"1195","Oaxaca","san juan del estado"
"1196","Oaxaca","san juan del rio"
"1197","Oaxaca","san juan diuxi"
"1198","Oaxaca","san juan evangelista analco"
"1199","Oaxaca","san juan guelavia"
"1200","Oaxaca","san juan guichicovi"
"1201","Oaxaca","san juan ihualtepec"
"1202","Oaxaca","san juan juquila mixes"
"1203","Oaxaca","san juan juquila vijanos"
"1204","Oaxaca","san juan lachao"
"1205","Oaxaca","san juan lachigalla"
"1206","Oaxaca","san juan lajarcia"
"1207","Oaxaca","san juan lalana"
"1208","Oaxaca","san juan mazatlan"
"1209","Oaxaca","san juan mixtepec -dto. 08 -"
"1210","Oaxaca","san juan mixtepec -dto. 26 -"
"1211","Oaxaca","san juan ñumi"
"1212","Oaxaca","san juan ozolotepec"
"1213","Oaxaca","san juan petlapa"
"1214","Oaxaca","san juan quiahije"
"1215","Oaxaca","san juan quiotepec"
"1216","Oaxaca","san juan sayultepec"
"1217","Oaxaca","san juan tabaa"
"1218","Oaxaca","san juan tamazola"
"1219","Oaxaca","san juan teita"
"1220","Oaxaca","san juan teitipac"
"1221","Oaxaca","san juan tepeuxila"
"1222","Oaxaca","san juan teposcolula"
"1223","Oaxaca","san juan yaee"
"1224","Oaxaca","san juan yatzona"
"1225","Oaxaca","san juan yucuita"
"1226","Oaxaca","san lorenzo"
"1227","Oaxaca","san lorenzo albarradas"
"1228","Oaxaca","san lorenzo cacaotepec"
"1229","Oaxaca","san lorenzo cuaunecuiltitla"
"1230","Oaxaca","san lorenzo texmelucan"
"1231","Oaxaca","san lorenzo victoria"
"1232","Oaxaca","san lucas camotlan"
"1233","Oaxaca","san lucas ojitlan"
"1234","Oaxaca","san lucas quiavini"
"1235","Oaxaca","san lucas zoquiapam"
"1236","Oaxaca","san luis amatlan"
"1237","Oaxaca","san marcial ozolotepec"
"1238","Oaxaca","san marcos arteaga"
"1239","Oaxaca","san martin de los cansecos"
"1240","Oaxaca","san martin huamelulpam"
"1241","Oaxaca","san martin itunyoso"
"1242","Oaxaca","san martin lachila"
"1243","Oaxaca","san martin peras"
"1244","Oaxaca","san martin tilcajete"
"1245","Oaxaca","san martin toxpalan"
"1246","Oaxaca","san martin zacatepec"
"1247","Oaxaca","san mateo cajonos"
"1248","Oaxaca","san mateo del mar"
"1249","Oaxaca","san mateo etlatongo"
"1250","Oaxaca","san mateo nejapam"
"1251","Oaxaca","san mateo peñasco"
"1252","Oaxaca","san mateo piñas"
"1253","Oaxaca","san mateo rio hondo"
"1254","Oaxaca","san mateo sindihui"
"1255","Oaxaca","san mateo tlapiltepec"
"1256","Oaxaca","san mateo yoloxochitlan"
"1257","Oaxaca","san mateo yucutindo"
"1258","Oaxaca","san melchor betaza"
"1259","Oaxaca","san miguel achiutla"
"1260","Oaxaca","san miguel ahuehuetitlan"
"1261","Oaxaca","san miguel aloapam"
"1262","Oaxaca","san miguel amatitlan"
"1263","Oaxaca","san miguel amatlan"
"1264","Oaxaca","san miguel chicahua"
"1265","Oaxaca","san miguel chimalapa"
"1266","Oaxaca","san miguel coatlan"
"1267","Oaxaca","san miguel del puerto"
"1268","Oaxaca","san miguel del rio"
"1269","Oaxaca","san miguel ejutla"
"1270","Oaxaca","san miguel el grande"
"1271","Oaxaca","san miguel huautla"
"1272","Oaxaca","san miguel mixtepec"
"1273","Oaxaca","san miguel panixtlahuaca"
"1274","Oaxaca","san miguel peras"
"1275","Oaxaca","san miguel piedras"
"1276","Oaxaca","san miguel quetzaltepec"
"1277","Oaxaca","san miguel santa flor"
"1278","Oaxaca","san miguel soyaltepec"
"1279","Oaxaca","san miguel suchixtepec"
"1280","Oaxaca","san miguel tecomatlan"
"1281","Oaxaca","san miguel tenango"
"1282","Oaxaca","san miguel tequixtepec"
"1283","Oaxaca","san miguel tilquiapam"
"1284","Oaxaca","san miguel tlacamama"
"1285","Oaxaca","san miguel tlacotepec"
"1286","Oaxaca","san miguel tulancingo"
"1287","Oaxaca","san miguel yotao"
"1288","Oaxaca","san nicolas"
"1289","Oaxaca","san nicolas hidalgo"
"1290","Oaxaca","san pablo coatlan"
"1291","Oaxaca","san pablo cuatro venados"
"1292","Oaxaca","san pablo etla"
"1293","Oaxaca","san pablo huitzo"
"1294","Oaxaca","san pablo huixtepec"
"1295","Oaxaca","san pablo macuiltianguis"
"1296","Oaxaca","san pablo tijaltepec"
"1297","Oaxaca","san pablo villa de mitla"
"1298","Oaxaca","san pablo yaganiza"
"1299","Oaxaca","san pedro amuzgos"
"1300","Oaxaca","san pedro apostol"
"1301","Oaxaca","san pedro atoyac"
"1302","Oaxaca","san pedro cajonos"
"1303","Oaxaca","san pedro comitancillo"
"1304","Oaxaca","san pedro coxcaltepec cantaros"
"1305","Oaxaca","san pedro el alto"
"1306","Oaxaca","san pedro huamelula"
"1307","Oaxaca","san pedro huilotepec"
"1308","Oaxaca","san pedro ixcatlan"
"1309","Oaxaca","san pedro ixtlahuaca"
"1310","Oaxaca","san pedro jaltepetongo"
"1311","Oaxaca","san pedro jicayan"
"1312","Oaxaca","san pedro jocotipac"
"1313","Oaxaca","san pedro juchatengo"
"1314","Oaxaca","san pedro martir"
"1315","Oaxaca","san pedro martir quiechapa"
"1316","Oaxaca","san pedro martir yucuxaco"
"1317","Oaxaca","san pedro mixtepec -dto. 22 -"
"1318","Oaxaca","san pedro mixtepec -dto. 26 -"
"1319","Oaxaca","san pedro molinos"
"1320","Oaxaca","san pedro nopala"
"1321","Oaxaca","san pedro ocopetatillo"
"1322","Oaxaca","san pedro ocotepec"
"1323","Oaxaca","san pedro pochutla"
"1324","Oaxaca","san pedro quiatoni"
"1325","Oaxaca","san pedro sochiapam"
"1326","Oaxaca","san pedro tapanatepec"
"1327","Oaxaca","san pedro taviche"
"1328","Oaxaca","san pedro teozacoalco"
"1329","Oaxaca","san pedro teutila"
"1330","Oaxaca","san pedro tidaa"
"1331","Oaxaca","san pedro topiltepec"
"1332","Oaxaca","san pedro totolapam"
"1333","Oaxaca","san pedro y san pablo ayutla"
"1334","Oaxaca","san pedro y san pablo teposcolula"
"1335","Oaxaca","san pedro y san pablo tequixtepec"
"1336","Oaxaca","san pedro yaneri"
"1337","Oaxaca","san pedro yolox"
"1338","Oaxaca","san pedro yucunama"
"1339","Oaxaca","san raymundo jalpan"
"1340","Oaxaca","san sebastian abasolo"
"1341","Oaxaca","san sebastian coatlan"
"1342","Oaxaca","san sebastian ixcapa"
"1343","Oaxaca","san sebastian nicananduta"
"1344","Oaxaca","san sebastian rio hondo"
"1345","Oaxaca","san sebastian tecomaxtlahuaca"
"1346","Oaxaca","san sebastian teitipac"
"1347","Oaxaca","san sebastian tutla"
"1348","Oaxaca","san simon almolongas"
"1349","Oaxaca","san simon zahuatlan"
"1350","Oaxaca","san vicente coatlan"
"1351","Oaxaca","san vicente lachixio"
"1352","Oaxaca","san vicente nuñu"
"1353","Oaxaca","santa ana"
"1354","Oaxaca","santa ana ateixtlahuaca"
"1355","Oaxaca","santa ana cuauhtemoc"
"1356","Oaxaca","santa ana del valle"
"1357","Oaxaca","santa ana tavela"
"1358","Oaxaca","santa ana tlapacoyan"
"1359","Oaxaca","santa ana yareni"
"1360","Oaxaca","santa ana zegache"
"1361","Oaxaca","santa catalina quieri"
"1362","Oaxaca","santa catarina cuixtla"
"1363","Oaxaca","santa catarina ixtepeji"
"1364","Oaxaca","santa catarina juquila"
"1365","Oaxaca","santa catarina lachatao"
"1366","Oaxaca","santa catarina loxicha"
"1367","Oaxaca","santa catarina mechoacan"
"1368","Oaxaca","santa catarina minas"
"1369","Oaxaca","santa catarina quiane"
"1370","Oaxaca","santa catarina quioquitani"
"1371","Oaxaca","santa catarina tayata"
"1372","Oaxaca","santa catarina ticua"
"1373","Oaxaca","santa catarina yosonotu"
"1374","Oaxaca","santa catarina zapoquila"
"1375","Oaxaca","santa cruz acatepec"
"1376","Oaxaca","santa cruz amilpas"
"1377","Oaxaca","santa cruz de bravo"
"1378","Oaxaca","santa cruz itundujia"
"1379","Oaxaca","santa cruz mixtepec"
"1380","Oaxaca","santa cruz nundaco"
"1381","Oaxaca","santa cruz papalutla"
"1382","Oaxaca","santa cruz tacache de mina"
"1383","Oaxaca","santa cruz tacahua"
"1384","Oaxaca","santa cruz tayata"
"1385","Oaxaca","santa cruz xitla"
"1386","Oaxaca","santa cruz xoxocotlan"
"1387","Oaxaca","santa cruz zenzontepec"
"1388","Oaxaca","santa gertrudis"
"1389","Oaxaca","santa ines de zaragoza"
"1390","Oaxaca","santa ines del monte"
"1391","Oaxaca","santa ines yatzeche"
"1392","Oaxaca","santa lucia del camino"
"1393","Oaxaca","santa lucia miahuatlan"
"1394","Oaxaca","santa lucia monteverde"
"1395","Oaxaca","santa lucia ocotlan"
"1396","Oaxaca","santa magdalena jicotlan"
"1397","Oaxaca","santa maria alotepec"
"1398","Oaxaca","santa maria apazco"
"1399","Oaxaca","santa maria atzompa"
"1400","Oaxaca","santa maria camotlan"
"1401","Oaxaca","santa maria chachoapam"
"1402","Oaxaca","santa maria chilchotla"
"1403","Oaxaca","santa maria chimalapa"
"1404","Oaxaca","santa maria colotepec"
"1405","Oaxaca","santa maria cortijo"
"1406","Oaxaca","santa maria coyotepec"
"1407","Oaxaca","santa maria del rosario"
"1408","Oaxaca","santa maria del tule"
"1409","Oaxaca","santa maria ecatepec"
"1410","Oaxaca","santa maria guelace"
"1411","Oaxaca","santa maria guienagati"
"1412","Oaxaca","santa maria huatulco"
"1413","Oaxaca","santa maria huazolotitlan"
"1414","Oaxaca","santa maria ipalapa"
"1415","Oaxaca","santa maria ixcatlan"
"1416","Oaxaca","santa maria jacatepec"
"1417","Oaxaca","santa maria jalapa del marques"
"1418","Oaxaca","santa maria jaltianguis"
"1419","Oaxaca","santa maria la asuncion"
"1420","Oaxaca","santa maria lachixio"
"1421","Oaxaca","santa maria mixtequilla"
"1422","Oaxaca","santa maria nativitas"
"1423","Oaxaca","santa maria nduayaco"
"1424","Oaxaca","santa maria ozolotepec"
"1425","Oaxaca","santa maria papalo"
"1426","Oaxaca","santa maria peñoles"
"1427","Oaxaca","santa maria petapa"
"1428","Oaxaca","santa maria quiegolani"
"1429","Oaxaca","santa maria sola"
"1430","Oaxaca","santa maria tataltepec"
"1431","Oaxaca","santa maria tecomavaca"
"1432","Oaxaca","santa maria temaxcalapa"
"1433","Oaxaca","santa maria temaxcaltepec"
"1434","Oaxaca","santa maria teopoxco"
"1435","Oaxaca","santa maria tepantlali"
"1436","Oaxaca","santa maria texcatitlan"
"1437","Oaxaca","santa maria tlahuitoltepec"
"1438","Oaxaca","santa maria tlalixtac"
"1439","Oaxaca","santa maria tonameca"
"1440","Oaxaca","santa maria totolapilla"
"1441","Oaxaca","santa maria xadani"
"1442","Oaxaca","santa maria yalina"
"1443","Oaxaca","santa maria yavesia"
"1444","Oaxaca","santa maria yolotepec"
"1445","Oaxaca","santa maria yosoyua"
"1446","Oaxaca","santa maria yucuhiti"
"1447","Oaxaca","santa maria zacatepec"
"1448","Oaxaca","santa maria zaniza"
"1449","Oaxaca","santa maria zoquitlan"
"1450","Oaxaca","santiago amoltepec"
"1451","Oaxaca","santiago apoala"
"1452","Oaxaca","santiago apostol"
"1453","Oaxaca","santiago astata"
"1454","Oaxaca","santiago atitlan"
"1455","Oaxaca","santiago ayuquililla"
"1456","Oaxaca","santiago cacaloxtepec"
"1457","Oaxaca","santiago camotlan"
"1458","Oaxaca","santiago chazumba"
"1459","Oaxaca","santiago choapam"
"1460","Oaxaca","santiago comaltepec"
"1461","Oaxaca","santiago del rio"
"1462","Oaxaca","santiago huajolotitlan"
"1463","Oaxaca","santiago huauclilla"
"1464","Oaxaca","santiago ihuitlan plumas"
"1465","Oaxaca","santiago ixcuintepec"
"1466","Oaxaca","santiago ixtayutla"
"1467","Oaxaca","santiago jamiltepec"
"1468","Oaxaca","santiago jocotepec"
"1469","Oaxaca","santiago juxtlahuaca"
"1470","Oaxaca","santiago lachiguiri"
"1471","Oaxaca","santiago lalopa"
"1472","Oaxaca","santiago laollaga"
"1473","Oaxaca","santiago laxopa"
"1474","Oaxaca","santiago llano grande"
"1475","Oaxaca","santiago matatlan"
"1476","Oaxaca","santiago miltepec"
"1477","Oaxaca","santiago minas"
"1478","Oaxaca","santiago nacaltepec"
"1479","Oaxaca","santiago nejapilla"
"1480","Oaxaca","santiago niltepec"
"1481","Oaxaca","santiago nundiche"
"1482","Oaxaca","santiago nuyoo"
"1483","Oaxaca","santiago pinotepa nacional"
"1484","Oaxaca","santiago suchilquitongo"
"1485","Oaxaca","santiago tamazola"
"1486","Oaxaca","santiago tapextla"
"1487","Oaxaca","santiago tenango"
"1488","Oaxaca","santiago tepetlapa"
"1489","Oaxaca","santiago tetepec"
"1490","Oaxaca","santiago texcalcingo"
"1491","Oaxaca","santiago textitlan"
"1492","Oaxaca","santiago tilantongo"
"1493","Oaxaca","santiago tillo"
"1494","Oaxaca","santiago tlazoyaltepec"
"1495","Oaxaca","santiago xanica"
"1496","Oaxaca","santiago xiacui"
"1497","Oaxaca","santiago yaitepec"
"1498","Oaxaca","santiago yaveo"
"1499","Oaxaca","santiago yolomecatl"
"1500","Oaxaca","santiago yosondua"
"1501","Oaxaca","santiago yucuyachi"
"1502","Oaxaca","santiago zacatepec"
"1503","Oaxaca","santiago zoochila"
"1504","Oaxaca","santo domingo albarradas"
"1505","Oaxaca","santo domingo armenta"
"1506","Oaxaca","santo domingo chihuitan"
"1507","Oaxaca","santo domingo de morelos"
"1508","Oaxaca","santo domingo ingenio"
"1509","Oaxaca","santo domingo ixcatlan"
"1510","Oaxaca","santo domingo nuxaa"
"1511","Oaxaca","santo domingo ozolotepec"
"1512","Oaxaca","santo domingo petapa"
"1513","Oaxaca","santo domingo roayaga"
"1514","Oaxaca","santo domingo tehuantepec"
"1515","Oaxaca","santo domingo teojomulco"
"1516","Oaxaca","santo domingo tepuxtepec"
"1517","Oaxaca","santo domingo tlatayapam"
"1518","Oaxaca","santo domingo tomaltepec"
"1519","Oaxaca","santo domingo tonala"
"1520","Oaxaca","santo domingo tonaltepec"
"1521","Oaxaca","santo domingo xagacia"
"1522","Oaxaca","santo domingo yanhuitlan"
"1523","Oaxaca","santo domingo yodohino"
"1524","Oaxaca","santo domingo zanatepec"
"1525","Oaxaca","santo tomas jalieza"
"1526","Oaxaca","santo tomas mazaltepec"
"1527","Oaxaca","santo tomas ocotepec"
"1528","Oaxaca","santo tomas tamazulapan"
"1529","Oaxaca","santos reyes nopala"
"1530","Oaxaca","santos reyes papalo"
"1531","Oaxaca","santos reyes tepejillo"
"1532","Oaxaca","santos reyes yucuna"
"1533","Oaxaca","silacayoapam"
"1534","Oaxaca","sitio de xitlapehua"
"1535","Oaxaca","soledad etla"
"1536","Oaxaca","tamazulapam del espiritu santo"
"1537","Oaxaca","tanetze de zaragoza"
"1538","Oaxaca","taniche"
"1539","Oaxaca","tataltepec de valdes"
"1540","Oaxaca","teococuilco de marcos perez"
"1541","Oaxaca","teotitlan de flores magon"
"1542","Oaxaca","teotitlan del valle"
"1543","Oaxaca","teotongo"
"1544","Oaxaca","tepelmeme villa de morelos"
"1545","Oaxaca","tezoatlan de segura y luna"
"1546","Oaxaca","tlacolula de matamoros"
"1547","Oaxaca","tlacotepec plumas"
"1548","Oaxaca","tlalixtac de cabrera"
"1549","Oaxaca","totontepec villa de morelos"
"1550","Oaxaca","trinidad zaachila"
"1551","Oaxaca","union hidalgo"
"1552","Oaxaca","valerio trujano"
"1553","Oaxaca","villa de chilapa de diaz"
"1554","Oaxaca","villa de etla"
"1555","Oaxaca","villa de tamazulapam del progreso"
"1556","Oaxaca","villa de tututepec de melchor ocampo"
"1557","Oaxaca","villa de zaachila"
"1558","Oaxaca","villa diaz ordaz"
"1559","Oaxaca","villa hidalgo"
"1560","Oaxaca","villa sola de vega"
"1561","Oaxaca","villa talea de castro"
"1562","Oaxaca","villa tejupam de la union"
"1563","Oaxaca","yaxe"
"1564","Oaxaca","yogana"
"1565","Oaxaca","yutanduchi de guerrero"
"1566","Oaxaca","zapotitlan lagunas"
"1567","Oaxaca","zapotitlan palmas"
"1568","Oaxaca","zimatlan de alvarez"
"1569","Puebla","acajete"
"1570","Puebla","acateno"
"1571","Puebla","acatlan"
"1572","Puebla","acatzingo"
"1573","Puebla","acteopan"
"1574","Puebla","ahuacatlan"
"1575","Puebla","ahuatlan"
"1576","Puebla","ahuazotepec"
"1577","Puebla","ahuehuetitla"
"1578","Puebla","ajalpan"
"1579","Puebla","albino zertuche"
"1580","Puebla","aljojuca"
"1581","Puebla","altepexi"
"1582","Puebla","amixtlan"
"1583","Puebla","amozoc"
"1584","Puebla","aquixtla"
"1585","Puebla","atempan"
"1586","Puebla","atexcal"
"1587","Puebla","atlequizayan"
"1588","Puebla","atlixco"
"1589","Puebla","atoyatempan"
"1590","Puebla","atzala"
"1591","Puebla","atzitzihuacan"
"1592","Puebla","atzitzintla"
"1593","Puebla","axutla"
"1594","Puebla","ayotoxco de guerrero"
"1595","Puebla","calpan"
"1596","Puebla","caltepec"
"1597","Puebla","camocuautla"
"1598","Puebla","cañada morelos"
"1599","Puebla","caxhuacan"
"1600","Puebla","chalchicomula de sesma"
"1601","Puebla","chapulco"
"1602","Puebla","chiautla"
"1603","Puebla","chiautzingo"
"1604","Puebla","chichiquila"
"1605","Puebla","chiconcuautla"
"1606","Puebla","chietla"
"1607","Puebla","chigmecatitlan"
"1608","Puebla","chignahuapan"
"1609","Puebla","chignautla"
"1610","Puebla","chila"
"1611","Puebla","chila de la sal"
"1612","Puebla","chilchotla"
"1613","Puebla","chinantla"
"1614","Puebla","coatepec"
"1615","Puebla","coatzingo"
"1616","Puebla","cohetzala"
"1617","Puebla","cohuecan"
"1618","Puebla","coronango"
"1619","Puebla","coxcatlan"
"1620","Puebla","coyomeapan"
"1621","Puebla","coyotepec"
"1622","Puebla","cuapiaxtla de madero"
"1623","Puebla","cuautempan"
"1624","Puebla","cuautinchan"
"1625","Puebla","cuautlancingo"
"1626","Puebla","cuayuca de andrade"
"1627","Puebla","cuetzalan del progreso"
"1628","Puebla","cuyoaco"
"1629","Puebla","domingo arenas"
"1630","Puebla","eloxochitlan"
"1631","Puebla","epatlan"
"1632","Puebla","esperanza"
"1633","Puebla","francisco z. mena"
"1634","Puebla","general felipe angeles"
"1635","Puebla","guadalupe"
"1636","Puebla","guadalupe victoria"
"1637","Puebla","hermenegildo galeana"
"1638","Puebla","honey"
"1639","Puebla","huaquechula"
"1640","Puebla","huatlatlauca"
"1641","Puebla","huauchinango"
"1642","Puebla","huehuetla"
"1643","Puebla","huehuetlan el chico"
"1644","Puebla","huehuetlan el grande"
"1645","Puebla","huejotzingo"
"1646","Puebla","hueyapan"
"1647","Puebla","hueytamalco"
"1648","Puebla","hueytlalpan"
"1649","Puebla","huitzilan de serdan"
"1650","Puebla","huitziltepec"
"1651","Puebla","ixcamilpa de guerrero"
"1652","Puebla","ixcaquixtla"
"1653","Puebla","ixtacamaxtitlan"
"1654","Puebla","ixtepec"
"1655","Puebla","izucar de matamoros"
"1656","Puebla","jalpan"
"1657","Puebla","jolalpan"
"1658","Puebla","jonotla"
"1659","Puebla","jopala"
"1660","Puebla","juan c. bonilla"
"1661","Puebla","juan galindo"
"1662","Puebla","juan n. mendez"
"1663","Puebla","la magdalena tlatlauquitepec"
"1664","Puebla","lafragua"
"1665","Puebla","libres"
"1666","Puebla","los reyes de juarez"
"1667","Puebla","mazapiltepec de juarez"
"1668","Puebla","mixtla"
"1669","Puebla","molcaxac"
"1670","Puebla","naupan"
"1671","Puebla","nauzontla"
"1672","Puebla","nealtican"
"1673","Puebla","nicolas bravo"
"1674","Puebla","nopalucan"
"1675","Puebla","ocotepec"
"1676","Puebla","ocoyucan"
"1677","Puebla","olintla"
"1678","Puebla","oriental"
"1679","Puebla","pahuatlan"
"1680","Puebla","palmar de bravo"
"1681","Puebla","pantepec"
"1682","Puebla","petlalcingo"
"1683","Puebla","piaxtla"
"1684","Puebla","puebla"
"1685","Puebla","quecholac"
"1686","Puebla","quimixtlan"
"1687","Puebla","rafael lara grajales"
"1688","Puebla","san andres cholula"
"1689","Puebla","san antonio cañada"
"1690","Puebla","san diego la mesa tochimiltzingo"
"1691","Puebla","san felipe teotlalcingo"
"1692","Puebla","san felipe tepatlan"
"1693","Puebla","san gabriel chilac"
"1694","Puebla","san gregorio atzompa"
"1695","Puebla","san jeronimo tecuanipan"
"1696","Puebla","san jeronimo xayacatlan"
"1697","Puebla","san jose chiapa"
"1698","Puebla","san jose miahuatlan"
"1699","Puebla","san juan atenco"
"1700","Puebla","san juan atzompa"
"1701","Puebla","san martin texmelucan"
"1702","Puebla","san martin totoltepec"
"1703","Puebla","san matias tlalancaleca"
"1704","Puebla","san miguel ixitlan"
"1705","Puebla","san miguel xoxtla"
"1706","Puebla","san nicolas buenos aires"
"1707","Puebla","san nicolas de los ranchos"
"1708","Puebla","san pablo anicano"
"1709","Puebla","san pedro cholula"
"1710","Puebla","san pedro yeloixtlahuaca"
"1711","Puebla","san salvador el seco"
"1712","Puebla","san salvador el verde"
"1713","Puebla","san salvador huixcolotla"
"1714","Puebla","san sebastian tlacotepec"
"1715","Puebla","santa catarina tlaltempan"
"1716","Puebla","santa ines ahuatempan"
"1717","Puebla","santa isabel cholula"
"1718","Puebla","santiago miahuatlan"
"1719","Puebla","santo tomas hueyotlipan"
"1720","Puebla","soltepec"
"1721","Puebla","tecali de herrera"
"1722","Puebla","tecamachalco"
"1723","Puebla","tecomatlan"
"1724","Puebla","tehuacan"
"1725","Puebla","tehuitzingo"
"1726","Puebla","tenampulco"
"1727","Puebla","teopantlan"
"1728","Puebla","teotlalco"
"1729","Puebla","tepanco de lopez"
"1730","Puebla","tepango de rodriguez"
"1731","Puebla","tepatlaxco de hidalgo"
"1732","Puebla","tepeaca"
"1733","Puebla","tepemaxalco"
"1734","Puebla","tepeojuma"
"1735","Puebla","tepetzintla"
"1736","Puebla","tepexco"
"1737","Puebla","tepexi de rodriguez"
"1738","Puebla","tepeyahualco"
"1739","Puebla","tepeyahualco de cuauhtemoc"
"1740","Puebla","tetela de ocampo"
"1741","Puebla","teteles de avila castillo"
"1742","Puebla","teziutlan"
"1743","Puebla","tianguismanalco"
"1744","Puebla","tilapa"
"1745","Puebla","tlachichuca"
"1746","Puebla","tlacotepec de benito juarez"
"1747","Puebla","tlacuilotepec"
"1748","Puebla","tlahuapan"
"1749","Puebla","tlaltenango"
"1750","Puebla","tlanepantla"
"1751","Puebla","tlaola"
"1752","Puebla","tlapacoya"
"1753","Puebla","tlapanala"
"1754","Puebla","tlatlauquitepec"
"1755","Puebla","tlaxco"
"1756","Puebla","tochimilco"
"1757","Puebla","tochtepec"
"1758","Puebla","totoltepec de guerrero"
"1759","Puebla","tulcingo"
"1760","Puebla","tuzamapan de galeana"
"1761","Puebla","tzicatlacoyan"
"1762","Puebla","venustiano carranza"
"1763","Puebla","vicente guerrero"
"1764","Puebla","xayacatlan de bravo"
"1765","Puebla","xicotepec"
"1766","Puebla","xicotlan"
"1767","Puebla","xiutetelco"
"1768","Puebla","xochiapulco"
"1769","Puebla","xochiltepec"
"1770","Puebla","xochitlan de vicente suarez"
"1771","Puebla","xochitlan todos santos"
"1772","Puebla","yaonahuac"
"1773","Puebla","yehualtepec"
"1774","Puebla","zacapala"
"1775","Puebla","zacapoaxtla"
"1776","Puebla","zacatlan"
"1777","Puebla","zapotitlan"
"1778","Puebla","zapotitlan de mendez"
"1779","Puebla","zaragoza"
"1780","Puebla","zautla"
"1781","Puebla","zihuateutla"
"1782","Puebla","zinacatepec"
"1783","Puebla","zongozotla"
"1784","Puebla","zoquiapan"
"1785","Puebla","zoquitlan"
"1786","Querétaro","amealco de bonfil"
"1787","Querétaro","arroyo seco"
"1788","Querétaro","cadereyta de montes"
"1789","Querétaro","colon"
"1790","Querétaro","corregidora"
"1791","Querétaro","el marques"
"1792","Querétaro","ezequiel montes"
"1793","Querétaro","huimilpan"
"1794","Querétaro","jalpan de serra"
"1795","Querétaro","landa de matamoros"
"1796","Querétaro","pedro escobedo"
"1797","Querétaro","peñamiller"
"1798","Querétaro","pinal de amoles"
"1799","Querétaro","queretaro"
"1800","Querétaro","san joaquin"
"1801","Querétaro","san juan del rio"
"1802","Querétaro","tequisquiapan"
"1803","Querétaro","toliman"
"1804","Quintana Roo","benito juarez"
"1805","Quintana Roo","cozumel"
"1806","Quintana Roo","felipe carrillo puerto"
"1807","Quintana Roo","isla mujeres"
"1808","Quintana Roo","jose maria morelos"
"1809","Quintana Roo","lazaro cardenas"
"1810","Quintana Roo","othon p. blanco"
"1811","Quintana Roo","solidaridad"
"1812","Quintana Roo","tulum"
"1813","San Luis Potosí","ahualulco"
"1814","San Luis Potosí","alaquines"
"1815","San Luis Potosí","aquismon"
"1816","San Luis Potosí","armadillo de los infante"
"1817","San Luis Potosí","axtla de terrazas"
"1818","San Luis Potosí","cardenas"
"1819","San Luis Potosí","catorce"
"1820","San Luis Potosí","cedral"
"1821","San Luis Potosí","cerritos"
"1822","San Luis Potosí","cerro de san pedro"
"1823","San Luis Potosí","charcas"
"1824","San Luis Potosí","ciudad del maiz"
"1825","San Luis Potosí","ciudad fernandez"
"1826","San Luis Potosí","ciudad valles"
"1827","San Luis Potosí","coxcatlan"
"1828","San Luis Potosí","ebano"
"1829","San Luis Potosí","el naranjo"
"1830","San Luis Potosí","guadalcazar"
"1831","San Luis Potosí","huehuetlan"
"1832","San Luis Potosí","lagunillas"
"1833","San Luis Potosí","matehuala"
"1834","San Luis Potosí","matlapa"
"1835","San Luis Potosí","mexquitic de carmona"
"1836","San Luis Potosí","moctezuma"
"1837","San Luis Potosí","rayon"
"1838","San Luis Potosí","rioverde"
"1839","San Luis Potosí","salinas"
"1840","San Luis Potosí","san antonio"
"1841","San Luis Potosí","san ciro de acosta"
"1842","San Luis Potosí","san luis potosi"
"1843","San Luis Potosí","san martin chalchicuautla"
"1844","San Luis Potosí","san nicolas tolentino"
"1845","San Luis Potosí","san vicente tancuayalab"
"1846","San Luis Potosí","santa catarina"
"1847","San Luis Potosí","santa maria del rio"
"1848","San Luis Potosí","santo domingo"
"1849","San Luis Potosí","soledad de graciano sanchez"
"1850","San Luis Potosí","tamasopo"
"1851","San Luis Potosí","tamazunchale"
"1852","San Luis Potosí","tampacan"
"1853","San Luis Potosí","tampamolon corona"
"1854","San Luis Potosí","tamuin"
"1855","San Luis Potosí","tancanhuitz"
"1856","San Luis Potosí","tanlajas"
"1857","San Luis Potosí","tanquian de escobedo"
"1858","San Luis Potosí","tierra nueva"
"1859","San Luis Potosí","vanegas"
"1860","San Luis Potosí","venado"
"1861","San Luis Potosí","villa de arista"
"1862","San Luis Potosí","villa de arriaga"
"1863","San Luis Potosí","villa de guadalupe"
"1864","San Luis Potosí","villa de la paz"
"1865","San Luis Potosí","villa de ramos"
"1866","San Luis Potosí","villa de reyes"
"1867","San Luis Potosí","villa hidalgo"
"1868","San Luis Potosí","villa juarez"
"1869","San Luis Potosí","xilitla"
"1870","San Luis Potosí","zaragoza"
"1871","Sinaloa","ahome"
"1872","Sinaloa","angostura"
"1873","Sinaloa","badiraguato"
"1874","Sinaloa","choix"
"1875","Sinaloa","concordia"
"1876","Sinaloa","cosala"
"1877","Sinaloa","culiacan"
"1878","Sinaloa","el fuerte"
"1879","Sinaloa","elota"
"1880","Sinaloa","escuinapa"
"1881","Sinaloa","guasave"
"1882","Sinaloa","mazatlan"
"1883","Sinaloa","mocorito"
"1884","Sinaloa","navolato"
"1885","Sinaloa","rosario"
"1886","Sinaloa","salvador alvarado"
"1887","Sinaloa","san ignacio"
"1888","Sinaloa","sinaloa"
"1889","Sonora","aconchi"
"1890","Sonora","agua prieta"
"1891","Sonora","alamos"
"1892","Sonora","altar"
"1893","Sonora","arivechi"
"1894","Sonora","arizpe"
"1895","Sonora","atil"
"1896","Sonora","bacadehuachi"
"1897","Sonora","bacanora"
"1898","Sonora","bacerac"
"1899","Sonora","bacoachi"
"1900","Sonora","bacum"
"1901","Sonora","banamichi"
"1902","Sonora","baviacora"
"1903","Sonora","bavispe"
"1904","Sonora","benito juarez"
"1905","Sonora","benjamin hill"
"1906","Sonora","caborca"
"1907","Sonora","cajeme"
"1908","Sonora","cananea"
"1909","Sonora","carbo"
"1910","Sonora","cucurpe"
"1911","Sonora","cumpas"
"1912","Sonora","divisaderos"
"1913","Sonora","empalme"
"1914","Sonora","etchojoa"
"1915","Sonora","fronteras"
"1916","Sonora","general plutarco elias calles"
"1917","Sonora","granados"
"1918","Sonora","guaymas"
"1919","Sonora","hermosillo"
"1920","Sonora","huachinera"
"1921","Sonora","huasabas"
"1922","Sonora","huatabampo"
"1923","Sonora","huepac"
"1924","Sonora","imuris"
"1925","Sonora","la colorada"
"1926","Sonora","magdalena"
"1927","Sonora","mazatan"
"1928","Sonora","moctezuma"
"1929","Sonora","naco"
"1930","Sonora","nacori chico"
"1931","Sonora","nacozari de garcia"
"1932","Sonora","navojoa"
"1933","Sonora","nogales"
"1934","Sonora","onavas"
"1935","Sonora","opodepe"
"1936","Sonora","oquitoa"
"1937","Sonora","pitiquito"
"1938","Sonora","puerto peñasco"
"1939","Sonora","quiriego"
"1940","Sonora","rayon"
"1941","Sonora","rosario"
"1942","Sonora","sahuaripa"
"1943","Sonora","san felipe de jesus"
"1944","Sonora","san ignacio rio muerto"
"1945","Sonora","san javier"
"1946","Sonora","san luis rio colorado"
"1947","Sonora","san miguel de horcasitas"
"1948","Sonora","san pedro de la cueva"
"1949","Sonora","santa ana"
"1950","Sonora","santa cruz"
"1951","Sonora","saric"
"1952","Sonora","soyopa"
"1953","Sonora","suaqui grande"
"1954","Sonora","tepache"
"1955","Sonora","trincheras"
"1956","Sonora","tubutama"
"1957","Sonora","ures"
"1958","Sonora","villa hidalgo"
"1959","Sonora","villa pesqueira"
"1960","Sonora","yecora"
"1961","Tabasco","balancan"
"1962","Tabasco","cardenas"
"1963","Tabasco","centla"
"1964","Tabasco","centro"
"1965","Tabasco","comalcalco"
"1966","Tabasco","cunduacan"
"1967","Tabasco","emiliano zapata"
"1968","Tabasco","huimanguillo"
"1969","Tabasco","jalapa"
"1970","Tabasco","jalpa de mendez"
"1971","Tabasco","jonuta"
"1972","Tabasco","macuspana"
"1973","Tabasco","nacajuca"
"1974","Tabasco","paraiso"
"1975","Tabasco","tacotalpa"
"1976","Tabasco","teapa"
"1977","Tabasco","tenosique"
"1978","Tamaulipas","abasolo"
"1979","Tamaulipas","aldama"
"1980","Tamaulipas","altamira"
"1981","Tamaulipas","antiguo morelos"
"1982","Tamaulipas","burgos"
"1983","Tamaulipas","bustamante"
"1984","Tamaulipas","camargo"
"1985","Tamaulipas","casas"
"1986","Tamaulipas","ciudad madero"
"1987","Tamaulipas","cruillas"
"1988","Tamaulipas","el mante"
"1989","Tamaulipas","gomez farias"
"1990","Tamaulipas","gonzalez"
"1991","Tamaulipas","güemez"
"1992","Tamaulipas","guerrero"
"1993","Tamaulipas","gustavo diaz ordaz"
"1994","Tamaulipas","hidalgo"
"1995","Tamaulipas","jaumave"
"1996","Tamaulipas","jimenez"
"1997","Tamaulipas","llera"
"1998","Tamaulipas","mainero"
"1999","Tamaulipas","matamoros"
"2000","Tamaulipas","mendez"
"2001","Tamaulipas","mier"
"2002","Tamaulipas","miguel aleman"
"2003","Tamaulipas","miquihuana"
"2004","Tamaulipas","nuevo laredo"
"2005","Tamaulipas","nuevo morelos"
"2006","Tamaulipas","ocampo"
"2007","Tamaulipas","padilla"
"2008","Tamaulipas","palmillas"
"2009","Tamaulipas","reynosa"
"2010","Tamaulipas","rio bravo"
"2011","Tamaulipas","san carlos"
"2012","Tamaulipas","san fernando"
"2013","Tamaulipas","san nicolas"
"2014","Tamaulipas","soto la marina"
"2015","Tamaulipas","tampico"
"2016","Tamaulipas","tula"
"2017","Tamaulipas","valle hermoso"
"2018","Tamaulipas","victoria"
"2019","Tamaulipas","villagran"
"2020","Tamaulipas","xicotencatl"
"2021","Tlaxcala","acuamanala de miguel hidalgo"
"2022","Tlaxcala","amaxac de guerrero"
"2023","Tlaxcala","apetatitlan de antonio carvajal"
"2024","Tlaxcala","apizaco"
"2025","Tlaxcala","atlangatepec"
"2026","Tlaxcala","atltzayanca"
"2027","Tlaxcala","benito juarez"
"2028","Tlaxcala","calpulalpan"
"2029","Tlaxcala","chiautempan"
"2030","Tlaxcala","contla de juan cuamatzi"
"2031","Tlaxcala","cuapiaxtla"
"2032","Tlaxcala","cuaxomulco"
"2033","Tlaxcala","el carmen tequexquitla"
"2034","Tlaxcala","emiliano zapata"
"2035","Tlaxcala","españita"
"2036","Tlaxcala","huamantla"
"2037","Tlaxcala","hueyotlipan"
"2038","Tlaxcala","ixtacuixtla de mariano matamoros"
"2039","Tlaxcala","ixtenco"
"2040","Tlaxcala","la magdalena tlaltelulco"
"2041","Tlaxcala","lazaro cardenas"
"2042","Tlaxcala","mazatecochco de jose maria morelos"
"2043","Tlaxcala","muñoz de domingo arenas"
"2044","Tlaxcala","nanacamilpa de mariano arista"
"2045","Tlaxcala","nativitas"
"2046","Tlaxcala","panotla"
"2047","Tlaxcala","papalotla de xicohtencatl"
"2048","Tlaxcala","san damian texoloc"
"2049","Tlaxcala","san francisco tetlanohcan"
"2050","Tlaxcala","san jeronimo zacualpan"
"2051","Tlaxcala","san jose teacalco"
"2052","Tlaxcala","san juan huactzinco"
"2053","Tlaxcala","san lorenzo axocomanitla"
"2054","Tlaxcala","san lucas tecopilco"
"2055","Tlaxcala","san pablo del monte"
"2056","Tlaxcala","sanctorum de lazaro cardenas"
"2057","Tlaxcala","santa ana nopalucan"
"2058","Tlaxcala","santa apolonia teacalco"
"2059","Tlaxcala","santa catarina ayometla"
"2060","Tlaxcala","santa cruz quilehtla"
"2061","Tlaxcala","santa cruz tlaxcala"
"2062","Tlaxcala","santa isabel xiloxoxtla"
"2063","Tlaxcala","tenancingo"
"2064","Tlaxcala","teolocholco"
"2065","Tlaxcala","tepetitla de lardizabal"
"2066","Tlaxcala","tepeyanco"
"2067","Tlaxcala","terrenate"
"2068","Tlaxcala","tetla de la solidaridad"
"2069","Tlaxcala","tetlatlahuca"
"2070","Tlaxcala","tlaxcala"
"2071","Tlaxcala","tlaxco"
"2072","Tlaxcala","tocatlan"
"2073","Tlaxcala","totolac"
"2074","Tlaxcala","tzompantepec"
"2075","Tlaxcala","xaloztoc"
"2076","Tlaxcala","xaltocan"
"2077","Tlaxcala","xicohtzinco"
"2078","Tlaxcala","yauhquemehcan"
"2079","Tlaxcala","zacatelco"
"2080","Tlaxcala","ziltlaltepec de trinidad sanchez santos"
"2081","Veracruz de Ignacio de la Llave","acajete"
"2082","Veracruz de Ignacio de la Llave","acatlan"
"2083","Veracruz de Ignacio de la Llave","acayucan"
"2084","Veracruz de Ignacio de la Llave","actopan"
"2085","Veracruz de Ignacio de la Llave","acula"
"2086","Veracruz de Ignacio de la Llave","acultzingo"
"2087","Veracruz de Ignacio de la Llave","agua dulce"
"2088","Veracruz de Ignacio de la Llave","alamo temapache"
"2089","Veracruz de Ignacio de la Llave","alpatlahuac"
"2090","Veracruz de Ignacio de la Llave","alto lucero de gutierrez barrios"
"2091","Veracruz de Ignacio de la Llave","altotonga"
"2092","Veracruz de Ignacio de la Llave","alvarado"
"2093","Veracruz de Ignacio de la Llave","amatitlan"
"2094","Veracruz de Ignacio de la Llave","amatlan de los reyes"
"2095","Veracruz de Ignacio de la Llave","angel r. cabada"
"2096","Veracruz de Ignacio de la Llave","apazapan"
"2097","Veracruz de Ignacio de la Llave","aquila"
"2098","Veracruz de Ignacio de la Llave","astacinga"
"2099","Veracruz de Ignacio de la Llave","atlahuilco"
"2100","Veracruz de Ignacio de la Llave","atoyac"
"2101","Veracruz de Ignacio de la Llave","atzacan"
"2102","Veracruz de Ignacio de la Llave","atzalan"
"2103","Veracruz de Ignacio de la Llave","ayahualulco"
"2104","Veracruz de Ignacio de la Llave","banderilla"
"2105","Veracruz de Ignacio de la Llave","benito juarez"
"2106","Veracruz de Ignacio de la Llave","boca del rio"
"2107","Veracruz de Ignacio de la Llave","calcahualco"
"2108","Veracruz de Ignacio de la Llave","camaron de tejeda"
"2109","Veracruz de Ignacio de la Llave","camerino z. mendoza"
"2110","Veracruz de Ignacio de la Llave","carlos a. carrillo"
"2111","Veracruz de Ignacio de la Llave","carrillo puerto"
"2112","Veracruz de Ignacio de la Llave","castillo de teayo"
"2113","Veracruz de Ignacio de la Llave","catemaco"
"2114","Veracruz de Ignacio de la Llave","cazones de herrera"
"2115","Veracruz de Ignacio de la Llave","cerro azul"
"2116","Veracruz de Ignacio de la Llave","chacaltianguis"
"2117","Veracruz de Ignacio de la Llave","chalma"
"2118","Veracruz de Ignacio de la Llave","chiconamel"
"2119","Veracruz de Ignacio de la Llave","chiconquiaco"
"2120","Veracruz de Ignacio de la Llave","chicontepec"
"2121","Veracruz de Ignacio de la Llave","chinameca"
"2122","Veracruz de Ignacio de la Llave","chinampa de gorostiza"
"2123","Veracruz de Ignacio de la Llave","chocaman"
"2124","Veracruz de Ignacio de la Llave","chontla"
"2125","Veracruz de Ignacio de la Llave","chumatlan"
"2126","Veracruz de Ignacio de la Llave","citlaltepetl"
"2127","Veracruz de Ignacio de la Llave","coacoatzintla"
"2128","Veracruz de Ignacio de la Llave","coahuitlan"
"2129","Veracruz de Ignacio de la Llave","coatepec"
"2130","Veracruz de Ignacio de la Llave","coatzacoalcos"
"2131","Veracruz de Ignacio de la Llave","coatzintla"
"2132","Veracruz de Ignacio de la Llave","coetzala"
"2133","Veracruz de Ignacio de la Llave","colipa"
"2134","Veracruz de Ignacio de la Llave","comapa"
"2135","Veracruz de Ignacio de la Llave","cordoba"
"2136","Veracruz de Ignacio de la Llave","cosamaloapan de carpio"
"2137","Veracruz de Ignacio de la Llave","cosautlan de carvajal"
"2138","Veracruz de Ignacio de la Llave","coscomatepec"
"2139","Veracruz de Ignacio de la Llave","cosoleacaque"
"2140","Veracruz de Ignacio de la Llave","cotaxtla"
"2141","Veracruz de Ignacio de la Llave","coxquihui"
"2142","Veracruz de Ignacio de la Llave","coyutla"
"2143","Veracruz de Ignacio de la Llave","cuichapa"
"2144","Veracruz de Ignacio de la Llave","cuitlahuac"
"2145","Veracruz de Ignacio de la Llave","el higo"
"2146","Veracruz de Ignacio de la Llave","emiliano zapata"
"2147","Veracruz de Ignacio de la Llave","espinal"
"2148","Veracruz de Ignacio de la Llave","filomeno mata"
"2149","Veracruz de Ignacio de la Llave","fortin"
"2150","Veracruz de Ignacio de la Llave","gutierrez zamora"
"2151","Veracruz de Ignacio de la Llave","hidalgotitlan"
"2152","Veracruz de Ignacio de la Llave","huatusco"
"2153","Veracruz de Ignacio de la Llave","huayacocotla"
"2154","Veracruz de Ignacio de la Llave","hueyapan de ocampo"
"2155","Veracruz de Ignacio de la Llave","huiloapan de cuauhtemoc"
"2156","Veracruz de Ignacio de la Llave","ignacio de la llave"
"2157","Veracruz de Ignacio de la Llave","ilamatlan"
"2158","Veracruz de Ignacio de la Llave","isla"
"2159","Veracruz de Ignacio de la Llave","ixcatepec"
"2160","Veracruz de Ignacio de la Llave","ixhuacan de los reyes"
"2161","Veracruz de Ignacio de la Llave","ixhuatlan de madero"
"2162","Veracruz de Ignacio de la Llave","ixhuatlan del cafe"
"2163","Veracruz de Ignacio de la Llave","ixhuatlan del sureste"
"2164","Veracruz de Ignacio de la Llave","ixhuatlancillo"
"2165","Veracruz de Ignacio de la Llave","ixmatlahuacan"
"2166","Veracruz de Ignacio de la Llave","ixtaczoquitlan"
"2167","Veracruz de Ignacio de la Llave","jalacingo"
"2168","Veracruz de Ignacio de la Llave","jalcomulco"
"2169","Veracruz de Ignacio de la Llave","jaltipan"
"2170","Veracruz de Ignacio de la Llave","jamapa"
"2171","Veracruz de Ignacio de la Llave","jesus carranza"
"2172","Veracruz de Ignacio de la Llave","jilotepec"
"2173","Veracruz de Ignacio de la Llave","jose azueta"
"2174","Veracruz de Ignacio de la Llave","juan rodriguez clara"
"2175","Veracruz de Ignacio de la Llave","juchique de ferrer"
"2176","Veracruz de Ignacio de la Llave","la antigua"
"2177","Veracruz de Ignacio de la Llave","la perla"
"2178","Veracruz de Ignacio de la Llave","landero y coss"
"2179","Veracruz de Ignacio de la Llave","las choapas"
"2180","Veracruz de Ignacio de la Llave","las minas"
"2181","Veracruz de Ignacio de la Llave","las vigas de ramirez"
"2182","Veracruz de Ignacio de la Llave","lerdo de tejada"
"2183","Veracruz de Ignacio de la Llave","los reyes"
"2184","Veracruz de Ignacio de la Llave","magdalena"
"2185","Veracruz de Ignacio de la Llave","maltrata"
"2186","Veracruz de Ignacio de la Llave","manlio fabio altamirano"
"2187","Veracruz de Ignacio de la Llave","mariano escobedo"
"2188","Veracruz de Ignacio de la Llave","martinez de la torre"
"2189","Veracruz de Ignacio de la Llave","mecatlan"
"2190","Veracruz de Ignacio de la Llave","mecayapan"
"2191","Veracruz de Ignacio de la Llave","medellin"
"2192","Veracruz de Ignacio de la Llave","miahuatlan"
"2193","Veracruz de Ignacio de la Llave","minatitlan"
"2194","Veracruz de Ignacio de la Llave","misantla"
"2195","Veracruz de Ignacio de la Llave","mixtla de altamirano"
"2196","Veracruz de Ignacio de la Llave","moloacan"
"2197","Veracruz de Ignacio de la Llave","nanchital de lazaro cardenas del rio"
"2198","Veracruz de Ignacio de la Llave","naolinco"
"2199","Veracruz de Ignacio de la Llave","naranjal"
"2200","Veracruz de Ignacio de la Llave","naranjos amatlan"
"2201","Veracruz de Ignacio de la Llave","nautla"
"2202","Veracruz de Ignacio de la Llave","nogales"
"2203","Veracruz de Ignacio de la Llave","oluta"
"2204","Veracruz de Ignacio de la Llave","omealca"
"2205","Veracruz de Ignacio de la Llave","orizaba"
"2206","Veracruz de Ignacio de la Llave","otatitlan"
"2207","Veracruz de Ignacio de la Llave","oteapan"
"2208","Veracruz de Ignacio de la Llave","ozuluama de mascareñas"
"2209","Veracruz de Ignacio de la Llave","pajapan"
"2210","Veracruz de Ignacio de la Llave","panuco"
"2211","Veracruz de Ignacio de la Llave","papantla"
"2212","Veracruz de Ignacio de la Llave","paso de ovejas"
"2213","Veracruz de Ignacio de la Llave","paso del macho"
"2214","Veracruz de Ignacio de la Llave","perote"
"2215","Veracruz de Ignacio de la Llave","platon sanchez"
"2216","Veracruz de Ignacio de la Llave","playa vicente"
"2217","Veracruz de Ignacio de la Llave","poza rica de hidalgo"
"2218","Veracruz de Ignacio de la Llave","pueblo viejo"
"2219","Veracruz de Ignacio de la Llave","puente nacional"
"2220","Veracruz de Ignacio de la Llave","rafael delgado"
"2221","Veracruz de Ignacio de la Llave","rafael lucio"
"2222","Veracruz de Ignacio de la Llave","rio blanco"
"2223","Veracruz de Ignacio de la Llave","saltabarranca"
"2224","Veracruz de Ignacio de la Llave","san andres tenejapan"
"2225","Veracruz de Ignacio de la Llave","san andres tuxtla"
"2226","Veracruz de Ignacio de la Llave","san juan evangelista"
"2227","Veracruz de Ignacio de la Llave","san rafael"
"2228","Veracruz de Ignacio de la Llave","santiago sochiapan"
"2229","Veracruz de Ignacio de la Llave","santiago tuxtla"
"2230","Veracruz de Ignacio de la Llave","sayula de aleman"
"2231","Veracruz de Ignacio de la Llave","sochiapa"
"2232","Veracruz de Ignacio de la Llave","soconusco"
"2233","Veracruz de Ignacio de la Llave","soledad atzompa"
"2234","Veracruz de Ignacio de la Llave","soledad de doblado"
"2235","Veracruz de Ignacio de la Llave","soteapan"
"2236","Veracruz de Ignacio de la Llave","tamalin"
"2237","Veracruz de Ignacio de la Llave","tamiahua"
"2238","Veracruz de Ignacio de la Llave","tampico alto"
"2239","Veracruz de Ignacio de la Llave","tancoco"
"2240","Veracruz de Ignacio de la Llave","tantima"
"2241","Veracruz de Ignacio de la Llave","tantoyuca"
"2242","Veracruz de Ignacio de la Llave","tatahuicapan de juarez"
"2243","Veracruz de Ignacio de la Llave","tatatila"
"2244","Veracruz de Ignacio de la Llave","tecolutla"
"2245","Veracruz de Ignacio de la Llave","tehuipango"
"2246","Veracruz de Ignacio de la Llave","tempoal"
"2247","Veracruz de Ignacio de la Llave","tenampa"
"2248","Veracruz de Ignacio de la Llave","tenochtitlan"
"2249","Veracruz de Ignacio de la Llave","teocelo"
"2250","Veracruz de Ignacio de la Llave","tepatlaxco"
"2251","Veracruz de Ignacio de la Llave","tepetlan"
"2252","Veracruz de Ignacio de la Llave","tepetzintla"
"2253","Veracruz de Ignacio de la Llave","tequila"
"2254","Veracruz de Ignacio de la Llave","texcatepec"
"2255","Veracruz de Ignacio de la Llave","texhuacan"
"2256","Veracruz de Ignacio de la Llave","texistepec"
"2257","Veracruz de Ignacio de la Llave","tezonapa"
"2258","Veracruz de Ignacio de la Llave","tierra blanca"
"2259","Veracruz de Ignacio de la Llave","tihuatlan"
"2260","Veracruz de Ignacio de la Llave","tlachichilco"
"2261","Veracruz de Ignacio de la Llave","tlacojalpan"
"2262","Veracruz de Ignacio de la Llave","tlacolulan"
"2263","Veracruz de Ignacio de la Llave","tlacotalpan"
"2264","Veracruz de Ignacio de la Llave","tlacotepec de mejia"
"2265","Veracruz de Ignacio de la Llave","tlalixcoyan"
"2266","Veracruz de Ignacio de la Llave","tlalnelhuayocan"
"2267","Veracruz de Ignacio de la Llave","tlaltetela"
"2268","Veracruz de Ignacio de la Llave","tlapacoyan"
"2269","Veracruz de Ignacio de la Llave","tlaquilpa"
"2270","Veracruz de Ignacio de la Llave","tlilapan"
"2271","Veracruz de Ignacio de la Llave","tomatlan"
"2272","Veracruz de Ignacio de la Llave","tonayan"
"2273","Veracruz de Ignacio de la Llave","totutla"
"2274","Veracruz de Ignacio de la Llave","tres valles"
"2275","Veracruz de Ignacio de la Llave","tuxpan"
"2276","Veracruz de Ignacio de la Llave","tuxtilla"
"2277","Veracruz de Ignacio de la Llave","ursulo galvan"
"2278","Veracruz de Ignacio de la Llave","uxpanapa"
"2279","Veracruz de Ignacio de la Llave","vega de alatorre"
"2280","Veracruz de Ignacio de la Llave","veracruz"
"2281","Veracruz de Ignacio de la Llave","villa aldama"
"2282","Veracruz de Ignacio de la Llave","xalapa"
"2283","Veracruz de Ignacio de la Llave","xico"
"2284","Veracruz de Ignacio de la Llave","xoxocotla"
"2285","Veracruz de Ignacio de la Llave","yanga"
"2286","Veracruz de Ignacio de la Llave","yecuatla"
"2287","Veracruz de Ignacio de la Llave","zacualpan"
"2288","Veracruz de Ignacio de la Llave","zaragoza"
"2289","Veracruz de Ignacio de la Llave","zentla"
"2290","Veracruz de Ignacio de la Llave","zongolica"
"2291","Veracruz de Ignacio de la Llave","zontecomatlan de lopez y fuentes"
"2292","Veracruz de Ignacio de la Llave","zozocolco de hidalgo"
"2293","Yucatán","abala"
"2294","Yucatán","acanceh"
"2295","Yucatán","akil"
"2296","Yucatán","baca"
"2297","Yucatán","bokoba"
"2298","Yucatán","buctzotz"
"2299","Yucatán","cacalchen"
"2300","Yucatán","calotmul"
"2301","Yucatán","cansahcab"
"2302","Yucatán","cantamayec"
"2303","Yucatán","celestun"
"2304","Yucatán","cenotillo"
"2305","Yucatán","chacsinkin"
"2306","Yucatán","chankom"
"2307","Yucatán","chapab"
"2308","Yucatán","chemax"
"2309","Yucatán","chichimila"
"2310","Yucatán","chicxulub pueblo"
"2311","Yucatán","chikindzonot"
"2312","Yucatán","chochola"
"2313","Yucatán","chumayel"
"2314","Yucatán","conkal"
"2315","Yucatán","cuncunul"
"2316","Yucatán","cuzama"
"2317","Yucatán","dzan"
"2318","Yucatán","dzemul"
"2319","Yucatán","dzidzantun"
"2320","Yucatán","dzilam de bravo"
"2321","Yucatán","dzilam gonzalez"
"2322","Yucatán","dzitas"
"2323","Yucatán","dzoncauich"
"2324","Yucatán","espita"
"2325","Yucatán","halacho"
"2326","Yucatán","hocaba"
"2327","Yucatán","hoctun"
"2328","Yucatán","homun"
"2329","Yucatán","huhi"
"2330","Yucatán","hunucma"
"2331","Yucatán","ixil"
"2332","Yucatán","izamal"
"2333","Yucatán","kanasin"
"2334","Yucatán","kantunil"
"2335","Yucatán","kaua"
"2336","Yucatán","kinchil"
"2337","Yucatán","kopoma"
"2338","Yucatán","mama"
"2339","Yucatán","mani"
"2340","Yucatán","maxcanu"
"2341","Yucatán","mayapan"
"2342","Yucatán","merida"
"2343","Yucatán","mococha"
"2344","Yucatán","motul"
"2345","Yucatán","muna"
"2346","Yucatán","muxupip"
"2347","Yucatán","opichen"
"2348","Yucatán","oxkutzcab"
"2349","Yucatán","panaba"
"2350","Yucatán","peto"
"2351","Yucatán","progreso"
"2352","Yucatán","quintana roo"
"2353","Yucatán","rio lagartos"
"2354","Yucatán","sacalum"
"2355","Yucatán","samahil"
"2356","Yucatán","san felipe"
"2357","Yucatán","sanahcat"
"2358","Yucatán","santa elena"
"2359","Yucatán","seye"
"2360","Yucatán","sinanche"
"2361","Yucatán","sotuta"
"2362","Yucatán","sucila"
"2363","Yucatán","sudzal"
"2364","Yucatán","suma"
"2365","Yucatán","tahdziu"
"2366","Yucatán","tahmek"
"2367","Yucatán","teabo"
"2368","Yucatán","tecoh"
"2369","Yucatán","tekal de venegas"
"2370","Yucatán","tekanto"
"2371","Yucatán","tekax"
"2372","Yucatán","tekit"
"2373","Yucatán","tekom"
"2374","Yucatán","telchac pueblo"
"2375","Yucatán","telchac puerto"
"2376","Yucatán","temax"
"2377","Yucatán","temozon"
"2378","Yucatán","tepakan"
"2379","Yucatán","tetiz"
"2380","Yucatán","teya"
"2381","Yucatán","ticul"
"2382","Yucatán","timucuy"
"2383","Yucatán","tinum"
"2384","Yucatán","tixcacalcupul"
"2385","Yucatán","tixkokob"
"2386","Yucatán","tixmehuac"
"2387","Yucatán","tixpehual"
"2388","Yucatán","tizimin"
"2389","Yucatán","tunkas"
"2390","Yucatán","tzucacab"
"2391","Yucatán","uayma"
"2392","Yucatán","ucu"
"2393","Yucatán","uman"
"2394","Yucatán","valladolid"
"2395","Yucatán","xocchel"
"2396","Yucatán","yaxcaba"
"2397","Yucatán","yaxkukul"
"2398","Yucatán","yobain"
"2399","Zacatecas","apozol"
"2400","Zacatecas","apulco"
"2401","Zacatecas","atolinga"
"2402","Zacatecas","benito juarez"
"2403","Zacatecas","calera"
"2404","Zacatecas","cañitas de felipe pescador"
"2405","Zacatecas","chalchihuites"
"2406","Zacatecas","concepcion del oro"
"2407","Zacatecas","cuauhtemoc"
"2408","Zacatecas","el plateado de joaquin amaro"
"2409","Zacatecas","el salvador"
"2410","Zacatecas","fresnillo"
"2411","Zacatecas","genaro codina"
"2412","Zacatecas","general enrique estrada"
"2413","Zacatecas","general francisco r. murguia"
"2414","Zacatecas","general panfilo natera"
"2415","Zacatecas","guadalupe"
"2416","Zacatecas","huanusco"
"2417","Zacatecas","jalpa"
"2418","Zacatecas","jerez"
"2419","Zacatecas","jimenez del teul"
"2420","Zacatecas","juan aldama"
"2421","Zacatecas","juchipila"
"2422","Zacatecas","loreto"
"2423","Zacatecas","luis moya"
"2424","Zacatecas","mazapil"
"2425","Zacatecas","melchor ocampo"
"2426","Zacatecas","mezquital del oro"
"2427","Zacatecas","miguel auza"
"2428","Zacatecas","momax"
"2429","Zacatecas","monte escobedo"
"2430","Zacatecas","morelos"
"2431","Zacatecas","moyahua de estrada"
"2432","Zacatecas","nochistlan de mejia"
"2433","Zacatecas","noria de angeles"
"2434","Zacatecas","ojocaliente"
"2435","Zacatecas","panuco"
"2436","Zacatecas","pinos"
"2437","Zacatecas","rio grande"
"2438","Zacatecas","sain alto"
"2439","Zacatecas","santa maria de la paz"
"2440","Zacatecas","sombrerete"
"2441","Zacatecas","susticacan"
"2442","Zacatecas","tabasco"
"2443","Zacatecas","tepechitlan"
"2444","Zacatecas","tepetongo"
"2445","Zacatecas","teul de gonzalez ortega"
"2446","Zacatecas","tlaltenango de sanchez roman"
"2447","Zacatecas","trancoso"
"2448","Zacatecas","trinidad garcia de la cadena"
"2449","Zacatecas","valparaiso"
"2450","Zacatecas","vetagrande"
"2451","Zacatecas","villa de cos"
"2452","Zacatecas","villa garcia"
"2453","Zacatecas","villa gonzalez ortega"
"2454","Zacatecas","villa hidalgo"
"2455","Zacatecas","villanueva"
"2456","Zacatecas","zacatecas"
